"ID","score.PC1","score.PC2","score.PC3","score.PC4","score.PC5","score.PC6","SNPs","ID.y","Nsnps","DP","NNA","Ho","f.hom.ref","f.hom.alt","Batch","Merged","Dup","Species","Region","Location","Band_no","Plate_ID","Sent","Plate","Well","date","Month","Day","Year","JD","Season.TT","Season"
"ALFL_AB007_seq2",1.7174354308163,1.62509461809185,-0.508674685709975,0.105240885773498,3.1002545764416,0.393083856369377,"all","ALFL_AB007",7756,3.65729757607014,0.624824650510327,0.0214027849406911,0.885765858690046,0.0928313563692625,2,0,2,"ALFL","AB","Fort McMurray, AB","2680-76242","20240711Plate_4/5h","20240711","Plate_4","5h","2014-06-10",6,10,2014,161,"Breeding","Breeding"
"ALFL_AB009_seq2",2.03353907386254,-0.836647801770975,-0.7243175306886,-0.212604570659323,2.17525123151146,0.693277288130972,"all","ALFL_AB009",7174,3.44647337608029,0.652977313403957,0.0104544187343184,0.913716197379426,0.0758293838862559,2,0,2,"ALFL","AB","Fort McMurray, AB","2680-76251","20240711Plate_4/6b","20240711","Plate_4","6b","2014-06-13",6,13,2014,164,"Breeding","Breeding"
"ALFL_AB010_merged",1.44305503655698,1.24568902193559,-1.2622433143369,-0.0305776323267868,2.13706071894153,0.170264410393847,"all","ALFL_AB010",6972,3.37248995983936,0.662748512552605,0.0205106138841079,0.886833046471601,0.0926563396442915,1,1,1,"ALFL","AB","Fort McMurray, AB","2630-89301","Merged","Merged","Merged","Merged",NA,NA,NA,NA,NA,"Breeding","Breeding"
"ALFL_AB011_seq2",5.47452238370713,-2.20295365359144,-0.657279260175028,-0.159440649798451,6.11429831769077,0.313582809285369,"all","ALFL_AB011",16305,5.77086783195339,0.21129008852126,0.0411530205458448,0.889236430542778,0.0696105489113769,2,0,1,"ALFL","AB","Fort McMurray, AB","2680-75703","20240711Plate_4/6e","20240711","Plate_4","6e",NA,NA,NA,NA,NA,"Breeding","Breeding"
"ALFL_AB012_seq2",4.03171251679308,-1.35873585783904,-1.39675001065532,0.0209632541785814,5.50804512226502,1.52673280108147,"all","ALFL_AB012",13223,4.65892762610603,0.360373433947661,0.0314603342660516,0.889510701051199,0.0790289646827498,2,0,1,"ALFL","AB","Fort McMurray, AB","2630-89292","20240711Plate_4/6f","20240711","Plate_4","6f",NA,NA,NA,NA,NA,"Breeding","Breeding"
"ALFL_AB013_seq2",2.95794005096431,0.190630584155291,-1.55046580829644,-0.31308396199031,4.07522542216178,1.29793563355532,"all","ALFL_AB013",10603,4.02970857304536,0.487108789242006,0.0237668584362916,0.895972837876073,0.0802603036876356,2,0,1,"ALFL","AB","Fort McMurray, AB","2670-63154","20240711Plate_4/6g","20240711","Plate_4","6g",NA,NA,NA,NA,NA,"Breeding","Breeding"
"ALFL_AB014_seq2",2.01830949750009,-0.492486826941763,-0.497334976256785,-0.0912246710854371,2.47918906680367,0.601345720286164,"all","ALFL_AB014",7258,3.55015155690273,0.648914042470856,0.012675668228162,0.910443648387986,0.0768806833838523,2,0,1,"ALFL","AB","Fort McMurray, AB","2680-75768","20240711Plate_4/6h","20240711","Plate_4","6h",NA,NA,NA,NA,NA,"Breeding","Breeding"
"ALFL_AB016_seq2",1.74420710278098,-0.577646079372696,-0.44901135594925,-0.326722790684312,1.75121015927436,0.669898563817836,"all","ALFL_AB016",6280,3.45191082802548,0.696222125477676,0.0136942675159236,0.908757961783439,0.0775477707006369,2,0,1,"ALFL","AB","Fort McMurray, AB","2690-73412","20240711Plate_4/7b","20240711","Plate_4","7b",NA,NA,NA,NA,NA,"Breeding","Breeding"
"ALFL_NL001",-17.2105128064953,67.0616747850301,0.390164351941017,0.335035273472133,-1.63828103017196,0.642391507633656,"all","ALFL_NL001",18465,184.581857568373,0.106805978812944,0.00427836447332792,0.669536961819659,0.326184673707013,1,0,1,"ALFL","NL","Passadena, NL","alfl 1","20231102_Plate_2/12f","20231102","Plate_2","12f","2007-06-24",6,24,2007,175,"Breeding","Breeding"
"ALFL_GU001_seq2",-42.9253009674656,-14.1217609758572,-1.76132544955704,-1.3658027339981,3.28288231835688,28.5790378093853,"all","ALFL_GU001",14860,7.26453566621803,0.281188023025202,0.018371467025572,0.72328398384926,0.258344549125168,2,0,1,"ALFL","GU","San Felipe Retalhuleu, 5 km S; Finca El Nino [14°36.0'N/91°36.7'W], Departamento de Retalhuleu, Guatemala","UWBM:104175","20240711Plate_4/8a","20240711","Plate_4","8a","2002-01-10",1,10,2002,10,"Migrating","Migrating"
"ALFL_GU002_seq2",-4.83201307935693,-1.55985589423587,-0.0973592382750494,0.146700052243779,0.496054930639495,1.68867936948052,"all","ALFL_GU002",2223,3.66621682411156,0.892468437091859,0.00584795321637427,0.769680611785875,0.224471434997751,2,0,1,"ALFL","GU","Departa, Guatemala","UWBM:104164","20240711Plate_4/8b","20240711","Plate_4","8b","2002-01-10",1,10,2002,10,"Migrating","Migrating"
"ALFL_HO001_seq2",7.84178874366482,-2.48813629106911,16.185077038314,38.4767744972378,-4.14419609231434,2.54269003145136,"all","ALFL_HO001",20254,83.0168361805076,0.0202679823924926,0.0816135084427767,0.820233040387084,0.0981534511701392,2,0,1,"ALFL","HO","Copán Ruinas, 10 km ENE [14°52' N 89°03'W], Departamento de Copán, Honduras","UWBM:109485","20240711Plate_4/7h","20240711","Plate_4","7h","2000-04-27",4,27,2000,118,"Migrating","Migrating"
"ALFL_LA002",7.79748544692959,-1.86411142869496,15.2802424308308,-9.14208455277278,-11.3360417096737,2.00971559476287,"all","ALFL_LA002",20285,36.6656642839537,0.0187684419290862,0.12477199901405,0.808577766822775,0.0666502341631748,1,0,1,"ALFL","LA","4 mi W of old mouth Mermentau River, Cameron, LA","UWBM:96518","20231102_Plate_2/12b","20231102","Plate_2","12b","1999-09-29",9,29,1999,272,"Migrating","Migrating"
"ALFL_LA003_seq2",7.8805176441281,-2.60591176257757,16.7141382962977,-11.9336463544684,-14.2929622369111,2.22107496338248,"all","ALFL_LA003",20232,32.3754448398576,0.021332172398781,0.124406880189798,0.805852115460656,0.0697410043495453,2,0,2,"ALFL","LA","St. Gabriel, 4 mi N, Iberville, LA","UWBM:116272","20240711Plate_4/11e","20240711","Plate_4","11e","2000-09-19",9,19,2000,263,"Migrating","Migrating"
"ALFL_LA004",7.50236538961968,-2.00238822719811,16.7923539441782,-10.4313811638395,-10.858583097833,1.15574132173428,"all","ALFL_LA004",20144,25.1184968228753,0.0255889324239346,0.125843923749007,0.809124305003971,0.0650317712470214,1,0,1,"ALFL","LA","St. Gabriel, 4 mi N, Iberville, LA","UWBM:116273","20231102_Plate_2/12e","20231102","Plate_2","12e","2000-09-19",9,19,2000,263,"Migrating","Migrating"
"ALFL_MT_Tal_01_seq2",-53.8421341470816,-14.0699745704578,3.09811144254693,1.65253492204125,-6.23169177405234,-24.1184977868085,"all","ALFL_MT_Tal_01",19947,37.7877375043866,0.0351182702075171,0.0679300145385271,0.697799167794656,0.234270817666817,2,0,2,"ALFL","MT","Tally Lake CG, MT","ALFL01/NWMT26","20240711Plate_4/5a","20240711","Plate_4","5a",NA,NA,NA,NA,NA,"Migrating","Migrating"
"ALFL_NBC001",1.33840807170742,-0.512502673244583,0.138863579884215,-0.341414178944569,1.70921531624663,-0.281581309625544,"all","ALFL_NBC001",4430,2.20225733634312,0.785710830551928,0.0148984198645598,0.917607223476298,0.0674943566591422,1,0,1,"ALFL","NBC","Mackenzie (MNO), BC","2440-67156","20231102_Plate_3/7e","20231102","Plate_3","7e","2007-08-04",8,4,2007,216,"Migrating","Migrating"
"ALFL_NBC002",6.69426983972352,-2.57113139697474,2.60308996089433,-3.0462356357285,13.8199251791549,-5.18822096868263,"all","ALFL_NBC002",19514,9.93358614328175,0.0560634644221932,0.0855283386286768,0.859383007071846,0.0550886542994773,1,0,1,"ALFL","NBC","Mackenzie (MNO), BC","2440-67208","20231102_Plate_3/7f","20231102","Plate_3","7f","2007-08-05",8,5,2007,217,"Migrating","Migrating"
"ALFL_NBC003",2.21233599676193,-0.874292087742663,-0.248198133156538,-0.580484022946187,2.62832683298356,-0.231114777474248,"all","ALFL_NBC003",7321,2.43832809725447,0.64586658927103,0.015435049856577,0.917497609616173,0.0670673405272504,1,0,1,"ALFL","NBC","Mackenzie (MNO), BC","2440-67314","20231102_Plate_3/7g","20231102","Plate_3","7g","2007-08-10",8,10,2007,222,"Migrating","Migrating"
"ALFL_NBC004",6.37017247758281,-2.28416553572534,2.46049436510799,-3.19185357184035,14.0436331245199,-4.8322077065118,"all","ALFL_NBC004",19659,10.4042423317564,0.0490494848352924,0.0881530088000407,0.857418993845058,0.0544279973549011,1,0,1,"ALFL","NBC","Mackenzie (MNO), BC","2440-67329","20231102_Plate_3/7h","20231102","Plate_3","7h","2007-08-11",8,11,2007,223,"Migrating","Migrating"
"ALFL_NBC005",2.10023678157221,-0.901052228789473,-0.323677343104368,-0.49581690947964,2.62691423668229,-0.339171486239683,"all","ALFL_NBC005",6709,2.40691608287375,0.675470420355052,0.018929795796691,0.922641228200924,0.0584289760023849,1,0,1,"ALFL","NBC","Mackenzie (MNO), BC","2440-67333","20231102_Plate_3/8a","20231102","Plate_3","8a","2007-08-11",8,11,2007,223,"Migrating","Migrating"
"ALFL_NBC006",6.97675340713086,-2.24328139817521,1.31137190623315,-2.61707197280356,14.14026204322,-5.80576509641963,"all","ALFL_NBC006",20053,16.685832543759,0.0299908092681275,0.0959457437789857,0.851244202862415,0.0528100533585997,1,0,1,"ALFL","NBC","Mackenzie (MNO), BC","2440-67389","20231102_Plate_3/8b","20231102","Plate_3","8b","2007-08-13",8,13,2007,225,"Migrating","Migrating"
"ALFL_NBC007",1.22907657611013,-0.431997227709846,-0.184124055492339,-0.0702476551287568,1.62385488571224,-0.319493051725018,"all","ALFL_NBC007",4174,2.22352659319598,0.798094132443284,0.0126976521322472,0.916866315285098,0.0704360325826545,1,0,1,"ALFL","NBC","Mackenzie (MNO), BC","2440-67398","20231102_Plate_3/8c","20231102","Plate_3","8c","2007-08-14",8,14,2007,226,"Migrating","Migrating"
"ALFL_NBC008",2.26134960173508,-0.706502900140129,-0.233897126941442,-0.879143871115215,2.71201323639641,-0.486343328567595,"all","ALFL_NBC008",6655,2.40300525920361,0.67808252309776,0.0157776108189331,0.917956423741548,0.0662659654395192,1,0,1,"ALFL","NBC","Mackenzie (MNO), BC","2440-37415","20231102_Plate_3/8d","20231102","Plate_3","8d","2007-08-15",8,15,2007,227,"Migrating","Migrating"
"ALFL_NBC009_seq2",1.69927316021899,-0.512388254593472,-0.186074340314865,-0.544568958014472,3.03460733795646,-0.354502581244833,"all","ALFL_NBC009",5840,3.09366438356164,0.717505925603444,0.0174657534246575,0.901369863013699,0.0811643835616438,2,0,2,"ALFL","NBC","Mackenzie (MNO), BC","2440-67420","20240711Plate_4/5c","20240711","Plate_4","5c","2007-08-15",8,15,2007,227,"Migrating","Migrating"
"ALFL_NBC010",1.37846712095005,-0.614831594096225,-0.0671464486243958,-0.443586164784894,1.46649263997351,-0.197166235407185,"all","ALFL_NBC010",4666,2.25310758679811,0.774294974120834,0.00900128589798543,0.923917702528933,0.0670810115730819,1,0,1,"ALFL","NBC","Mackenzie (MNO), BC","2440-67446","20231102_Plate_3/8f","20231102","Plate_3","8f","2007-08-16",8,16,2007,228,"Migrating","Migrating"
"ALFL_NBC021_seq2",0.698785786944948,-0.300381165392561,-0.0865851948265238,-0.0196986683247249,0.7967871228184,0.0383548878669224,"all","ALFL_NBC021",2368,2.95903716216216,0.885454457504958,0.00591216216216216,0.919341216216216,0.0747466216216216,2,0,1,"ALFL","NBC","Mackenzie (MNO), BC","2440-67524","20240711Plate_4/9d","20240711","Plate_4","9d","2007-08-20",8,20,2007,232,"Migrating","Migrating"
"ALFL_SK009",-2.80140529294028,-0.891884834823991,-0.465938240660135,-0.0924717437499407,0.016918075476363,0.217691136108154,"all","ALFL_SK009",2554,1.61511354737666,0.87645721472452,0.0160532498042287,0.842599843382929,0.141346906812843,1,0,1,"ALFL","SK","South Saskatchewan River","RSKM_BIRD_A-4387","20231102_Plate_2/11e","20231102","Plate_2","11e","1961-06-09",6,9,1961,160,"Breeding","Breeding"
"ALFL_SK014_seq2",2.92544809422804,-1.27942202188509,-4.16251001570135,-0.485042192339232,-1.11354331609116,-0.254758503656752,"all","ALFL_SK014",9634,4.06186423084908,0.533981521791709,0.0298941249740502,0.880008303923604,0.0900975711023459,2,0,1,"ALFL","SK","Beaver Creek, SK","2550-66389","20240711Plate_4/7f","20240711","Plate_4","7f","2022-05-25",5,25,2022,145,"Breeding","Breeding"
"ALFL_SK019_seq2",1.20846254087552,-0.281949618315308,-1.28420266930194,-0.0382389699841322,-0.242137289020157,0.045411561248465,"all","ALFL_SK019",3681,3.08014126596034,0.821941663038746,0.010866612333605,0.898125509372453,0.0910078782939419,2,0,1,"ALFL","SK","PA-05 WL, SK","2060-41572","20240711Plate_4/7d","20240711","Plate_4","7d","2022-06-13",6,13,2022,164,"Breeding","Breeding"
"ALFL_SK021_seq2",6.84560192083128,-2.60070910117372,-15.5761257354582,1.04498863789297,-8.55581472143468,3.04347534792205,"all","ALFL_SK021",18520,9.28984881209503,0.104145503797223,0.0755399568034557,0.84476241900648,0.0796976241900648,2,0,1,"ALFL","SK","PA-05 WL, SK","2060-41577","20240711Plate_4/7e","20240711","Plate_4","7e","2022-06-13",6,13,2022,164,"Breeding","Breeding"
"ALFL_SK025_seq2",7.17024890018303,-2.84399689654515,-12.8353857817044,1.86848382179318,-10.5808553793144,-2.76955574999906,"all","ALFL_SK025",19913,15.6463616732788,0.0367629274899628,0.102445638527595,0.831215788680761,0.0663385727916437,2,0,1,"ALFL","SK","PA-14 WL, SK, Shady lake","2500-29843","20240711Plate_4/9e","20240711","Plate_4","9e","2022-06-27",6,27,2022,178,"Breeding","Breeding"
"ALFL_SK026_seq2",7.34100590803582,-2.45155144124596,-14.3227192227432,1.64222478127959,-12.1486833645613,-0.00897186959085958,"all","ALFL_SK026",19943,15.7780674923532,0.0353117592995695,0.101238529809958,0.830717545003259,0.0680439251867823,2,0,1,"ALFL","SK","PA-14 WL, SK","2500-29844","20240711Plate_4/9f","20240711","Plate_4","9f","2022-06-27",6,27,2022,178,"Breeding","Breeding"
"ALFL_SK027_seq2",7.07818776626391,-2.09163526241227,-15.4101860544191,2.39906792282703,-11.6852423916371,-2.98525756507287,"all","ALFL_SK027",19243,12.3824767447903,0.0691723504087457,0.0923452684092917,0.832094787715013,0.0755599438756951,2,0,1,"ALFL","SK","PA-03 WL, SK @ Spruce River","2500-29846","20240711Plate_4/7c","20240711","Plate_4","7c","2022-06-30",6,30,2022,181,"Breeding","Breeding"
"ALFL_YT007",2.03955921575515,-0.846462339289143,-0.300517334209942,-0.448783729885881,1.89550763433077,0.327302127547985,"all","ALFL_YT007",6673,2.50621909186273,0.677211822183524,0.0056945901393676,0.904240971077476,0.090064438783156,1,0,1,"ALFL","YT","Albert Creek (ACBO), YT","2490-46195","20231102_Plate3/6c","20231102","Plate_3","6c","2007-08-11",8,11,2007,223,"Migrating","Migrating"
"ALFL_YT012_seq2",1.60084480940534,-0.702341661331346,-0.381857989669243,-0.390786722046299,1.19410287345713,-0.00507872441810217,"all","ALFL_YT012",5533,3.19772275438279,0.732356213418469,0.00487981203686969,0.881980842219411,0.11313934574372,2,0,1,"ALFL","YT","Albert Creek (ACBO), YT","2490-46205","20240711Plate_4/8d","20240711","Plate_4","8d","2007-08-11",8,11,2007,223,"Migrating","Migrating"
"CLSW_AZ001_seq2",2.92755004468757,2.62927694034674,2.4686878463516,-4.71388611356303,-3.91045626854294,-4.47658318155407,"all","CLSW_AZ001",9478,24.2534289934585,0.00305038392763227,0.077125975944292,0.908736020257438,0.0141380037982697,2,0,2,"CLSW","AZ","Imperial Dam, Mittry Lake Wildlife Area, Yuma, AZ","UWBM:101799","20240711Plate_3/8f","20240711","Plate_3","8f","2006-03-16",3,16,2006,75,"Migrating","Migrating"
"CLSW_AZ002_seq2",3.51577265846391,2.74199816526127,3.32615260499797,-6.49469326361579,-4.78411413962534,-4.80626394744589,"all","CLSW_AZ002",9436,16.6550445103858,0.00746818134006522,0.0717465027554048,0.909919457397202,0.018334039847393,2,0,2,"CLSW","AZ","Imperial Dam, Mittry Lake Wildlife Area, Yuma, AZ","UWBM:109344","20240711Plate_3/8g","20240711","Plate_3","8g","2006-03-16",3,16,2006,75,"Migrating","Migrating"
"CLSW_AZ003_seq2",2.72426951515597,3.010568850191,5.89827913370039,-10.4013886651577,9.24681627907039,7.92890757206951,"all","CLSW_AZ003",9088,8.65801056338028,0.0440727884716525,0.0599691901408451,0.9140625,0.0259683098591549,2,0,2,"CLSW","AZ","Imperial Dam, Mittry Lake Wildlife Area, Yuma, AZ","UWBM:109341","20240711Plate_3/8h","20240711","Plate_3","8h","2006-03-16",3,16,2006,75,"Migrating","Migrating"
"CLSW_AZ004_seq2",3.37736394679998,2.13667933325843,2.09383166566337,-3.54924850480915,-1.04847021218097,-3.59746615438347,"all","CLSW_AZ004",9464,36.4970414201183,0.00452298306510992,0.073541842772612,0.911559594251902,0.0148985629754861,2,0,2,"CLSW","AZ","Imperial Dam, Mittry Lake Wildlife Area, Yuma, AZ","UWBM:109343","20240711Plate_3/9a","20240711","Plate_3","9a","2006-03-16",3,16,2006,75,"Migrating","Migrating"
"CLSW_AZ005_seq2",2.17379489759748,2.62064953231523,1.90588150874189,-4.91934889787552,-6.23236013185209,-1.2995261623309,"all","CLSW_AZ005",9460,21.9750528541226,0.00494372567581782,0.0690274841437632,0.912050739957717,0.0189217758985201,2,0,2,"CLSW","AZ","Imperial Dam, Mittry Lake Wildlife Area, Yuma, AZ","UWBM:109339","20240711Plate_3/9b","20240711","Plate_3","9b","2006-03-15",3,15,2006,74,"Migrating","Migrating"
"CLSW_BC_Smc_08",-1.16247240402609,-1.87474773962789,0.724375029602608,0.159635951130983,0.448740461696385,-0.545744293940514,"all","CLSW_BC_Smc_08",3124,3.51248399487836,0.671400021037131,0.015685019206146,0.90685019206146,0.0774647887323944,1,0,1,"CLSW","BC","Smart Creek, BC","1561-31927","20210222_Plate_1/1h","20210222","Plate_1","1h","2016-06-22",6,22,2016,174,"Breeding","Breeding"
"CLSW_BC_Smc_09",-0.465140723210705,-0.689339334308314,0.292366571898348,-0.0972596677617427,-0.10395862120697,-0.269279095860142,"all","CLSW_BC_Smc_09",3455,2.39942112879884,0.636583570001052,0.00839363241678726,0.964399421128799,0.0272069464544139,1,0,1,"CLSW","BC","Smart Creek, BC","1561-31928","20210222_Plate_1/2a","20210222","Plate_1","2a",NA,NA,NA,NA,NA,"Breeding","Breeding"
"CLSW_BC_Smc_11_seq2",-0.359022759362082,-0.997171359760218,1.35877221901198,-0.311629972439857,-3.30982232328029,-1.01359999247636,"all","CLSW_BC_Smc_11",9112,7.18140913081651,0.0415483328074051,0.042910447761194,0.935579455662862,0.0215100965759438,2,0,1,"CLSW","BC","Smart Creek, BC","163261","20240711Plate_3/11b","20240711","Plate_3","11b","2016-06-11",6,11,2016,163,"Breeding","Breeding"
"CLSW_BC_Smc_12_seq2",0.383511042600532,-1.01801852180976,0.697098458282044,-0.285622144897398,-1.21261606223951,-1.1970661217907,"all","CLSW_BC_Smc_12",9409,12.8364332022532,0.0103081939623435,0.0460197683069402,0.938144329896907,0.0158359017961526,2,0,1,"CLSW","BC","Smart Creek, BC","163259","20240711Plate_3/11c","20240711","Plate_3","11c","2016-06-11",6,11,2016,163,"Breeding","Breeding"
"CLSW_BC_Smc_13_seq2",-0.705625756385771,-1.31903885415005,0.183832731524795,-0.437003126064049,-1.27334335399892,-0.853671253364484,"all","CLSW_BC_Smc_13",9295,8.45389994620764,0.0222993583675187,0.0395911780527165,0.942657342657343,0.0177514792899408,2,0,1,"CLSW","BC","Smart Creek, BC","163265","20240711Plate_3/11d","20240711","Plate_3","11d","2016-06-11",6,11,2016,163,"Breeding","Breeding"
"CLSW_CO001_seq2",-0.430153856985503,-1.23681122596828,0.853232007178656,-0.146473462545054,0.23854479309073,0.0381748217212969,"all","CLSW_CO001",9453,23.2764201840685,0.00568002524455664,0.0349095525230086,0.957368031312811,0.00772241616418068,2,0,2,"CLSW","CO","Denver, Denver International Airport, KR @D8","DMNS:Bird:53057","20240711Plate_3/9h","20240711","Plate_3","9h","2000-07-04",7,4,2000,186,"Breeding","Breeding"
"CLSW_CO002_seq2",-0.868947853844327,-1.53109761622751,0.401035130090025,0.103829931964272,-0.0469334178161907,0.106899025865999,"all","CLSW_CO002",7564,4.29336329984135,0.204375723151362,0.0162612374405077,0.967741935483871,0.0159968270756214,2,0,2,"CLSW","CO","Denver, Denver International Airport,16R@D9","DMNS:Bird:53058","20240711Plate_3/10a","20240711","Plate_3","10a","2018-07-06",7,6,2018,187,"Breeding","Breeding"
"CLSW_CO004_seq2",-0.460482007012994,-0.749433569438926,0.0824197702023528,0.240079320737366,0.103044267185932,-0.01591587232737,"all","CLSW_CO004",4656,2.97057560137457,0.510255601136005,0.0105240549828179,0.975730240549828,0.013745704467354,2,0,2,"CLSW","CO","Denver, Denver International Airport, 16R@D3 East shoulder","DMNS:Bird:53060","20240711Plate_3/10c","20240711","Plate_3","10c","2000-07-09",7,9,2000,191,"Breeding","Breeding"
"CLSW_CO005_seq2",-1.09099807014354,-1.5815114139353,0.78733356310629,-0.00474773174995522,0.130619348946974,0.369049253590658,"all","CLSW_CO005",7930,4.45372005044136,0.165877774271589,0.017906683480454,0.966204287515763,0.0158890290037831,2,0,2,"CLSW","CO","Denver, Denver International Airport, 16L@F10 East Shoulder","DMNS:Bird:53061","20240711Plate_3/10d","20240711","Plate_3","10d","2000-07-09",7,9,2000,191,"Breeding","Breeding"
"CLSW_CO006_seq2",-0.562675194168859,-1.51790635498999,0.649674182992399,0.265701186620902,-0.187406914254747,0.129926888076307,"all","CLSW_CO006",8988,6.57732532265243,0.05459135373935,0.02659101023587,0.959612817089453,0.0137961726746773,2,0,2,"CLSW","CO","Denver, Denver International Airport,16R/34L@WD","DMNS:Bird:53062","20240711Plate_3/10e","20240711","Plate_3","10e","2018-07-15",7,15,2018,196,"Breeding","Breeding"
"CLSW_CO007_seq2",-0.355618811200378,-0.755269568798865,0.333554167862567,-0.00150586673220633,0.0845371565805395,-0.145886184680649,"all","CLSW_CO007",3363,2.47784716027357,0.646260650047334,0.00535236396074933,0.979185251263753,0.0154623847754981,2,0,2,"CLSW","CO","Denver, Denver International Airport,34R@F3","DMNS:Bird:53063","20240711Plate_3/10f","20240711","Plate_3","10f","2017-07-01",7,1,2017,182,"Breeding","Breeding"
"CLSW_CO008_seq2",-0.668288655212023,-1.41631818211154,0.352026670966952,0.209682396741027,0.250230942376562,0.144002514205124,"all","CLSW_CO008",7289,3.96625051447386,0.23330177763753,0.0163259706406915,0.968719989024558,0.014954040334751,2,0,2,"CLSW","CO","Denver, Denver International Airport","DMNS:Bird:53064","20240711Plate_3/10g","20240711","Plate_3","10g","2018-07-17",7,17,2018,198,"Breeding","Breeding"
"CLSW_CO009_seq2",-0.545837492793324,-1.1310644021703,0.426641184305287,-0.00703246889570396,-0.00622998081108753,-0.207008272727725,"all","CLSW_CO009",6330,3.54139020537125,0.334174818554749,0.0132701421800948,0.969352290679305,0.0173775671406003,2,0,2,"CLSW","CO","Denver, Denver International Airport","DMNS:Bird:53065","20240711Plate_3/10h","20240711","Plate_3","10h","2018-07-25",7,25,2018,206,"Breeding","Breeding"
"CLSW_MB017_seq2",-3.71775936976589,1.37722708546591,-0.34574381098106,-0.244427646549292,-2.01786400696973,3.5854614149096,"all","CLSW_MB017",8183,6.61517780765001,0.139265804144315,0.0305511426127337,0.939264328485885,0.0301845289013809,2,0,1,"CLSW","MB","Delta Marsh Bird Observatory (DMBO), MB","15009","20240711Plate_4/1c","20240711","Plate_4","1c",NA,NA,NA,NA,NA,"Breeding","Breeding"
"CLSW_MB018_seq2",-9.91911848676776,9.4409776711278,-1.37265915698123,-0.261727953613717,4.57526907918144,-4.02185522958024,"all","CLSW_MB018",8853,9.26635038969841,0.0687914168507416,0.0475545012989947,0.920704845814978,0.0317406528860273,2,0,1,"CLSW","MB","Delta Marsh Bird Observatory (DMBO), MB","15010","20240711Plate_4/1d","20240711","Plate_4","1d",NA,NA,NA,NA,NA,"Breeding","Breeding"
"CLSW_MB019_seq2",-3.06434121073291,2.3585182375697,-1.01506761034368,0.0280719798988383,-4.67132431387252,5.05397800928421,"all","CLSW_MB019",9346,15.0375561737642,0.016934890080993,0.0503958912903916,0.927455595976889,0.0221485127327199,2,0,1,"CLSW","MB","Delta Marsh Bird Observatory (DMBO), MB","15019","20240711Plate_4/1e","20240711","Plate_4","1e",NA,NA,NA,NA,NA,"Breeding","Breeding"
"CLSW_MB020_seq2",-3.90041828429842,1.63042002597827,-0.815551049990302,0.2033708900802,-6.10131113753587,8.29598390991272,"all","CLSW_MB020",9327,15.2042457381795,0.0189334174818555,0.0500696901468854,0.927415031628605,0.0225152782245095,2,0,1,"CLSW","MB","Delta Marsh Bird Observatory (DMBO), MB","15020","20240711Plate_4/1f","20240711","Plate_4","1f",NA,NA,NA,NA,NA,"Breeding","Breeding"
"CLSW_MB021_seq2",-8.93173348780732,7.97828552559774,-0.936186781767634,0.481621682347731,0.928076707812349,-3.23394020073653,"all","CLSW_MB021",9012,10.3904793608522,0.0520668980751026,0.0491566799822459,0.922325787838438,0.0285175321793165,2,0,1,"CLSW","MB","Delta Marsh Bird Observatory (DMBO), MB","15022","20240711Plate_4/1g","20240711","Plate_4","1g",NA,NA,NA,NA,NA,"Breeding","Breeding"
"CLSW_MB022_seq2",-2.62856082763494,1.82486180783633,-0.395446250669087,0.552764484025333,-1.45533134521025,2.32452484801047,"all","CLSW_MB022",9367,17.0798548094374,0.0147259913747765,0.0589302871783922,0.923454681328067,0.0176150314935412,2,0,1,"CLSW","MB","Delta Marsh Bird Observatory (DMBO), MB","15021","20240711Plate_4/1h","20240711","Plate_4","1h",NA,NA,NA,NA,NA,"Breeding","Breeding"
"CLSW_MS011_seq2",-0.667402100769534,-2.49451631280636,0.757837269927407,0.466322674035803,0.65604070838864,-0.930978307815334,"all","CLSW_MS011",8188,4.20530043966781,0.13873987588093,0.0222276502198339,0.954445530043967,0.0233268197361993,2,0,1,"CLSW","MS","Mississippi","132015","20240711Plate_3/12g","20240711","Plate_3","12g",NA,NA,NA,NA,NA,"Breeding","Breeding"
"CLSW_MS012_seq2",-1.11251127859765,-2.96684855158025,1.07322488155256,0.109858325027882,1.17082967644736,-1.4907924178531,"all","CLSW_MS012",7912,4.10224974721941,0.167771116019775,0.0230030333670374,0.953361981799798,0.0236349848331648,2,0,1,"CLSW","MS","Mississippi","132016","20240711Plate_3/12h","20240711","Plate_3","12h",NA,NA,NA,NA,NA,"Breeding","Breeding"
"CLSW_MS013_seq2",-0.226374371425696,-2.97592998640516,1.51256827154319,-0.49570229818895,5.93503126036391,-4.1088711355027,"all","CLSW_MS013",8011,6.44676070403196,0.157357736404754,0.0222194482586444,0.942953439021346,0.03482711272001,2,0,1,"CLSW","MS","Mississippi","132017","20240711Plate_4/1a","20240711","Plate_4","1a",NA,NA,NA,NA,NA,"Breeding","Breeding"
"CLSW_MS014_seq2",-0.0664420100240906,-1.67228035317535,0.6107153361793,0.606363420927504,1.2838875033755,-1.20429856233182,"all","CLSW_MS014",9467,40.4116404351959,0.00420742610707899,0.0452096757156438,0.942431604520968,0.0123587197633886,2,0,1,"CLSW","MS","Mississippi","132018","20240711Plate_4/1b","20240711","Plate_4","1b",NA,NA,NA,NA,NA,"Breeding","Breeding"
"CLSW_MX001_seq2",2.74451206176502,2.6442886670376,1.1865176345018,1.57792868199263,-0.850436266867265,3.87216678573152,"all","CLSW_MX001",9469,46.5019537437955,0.00399705480172504,0.082374062731017,0.904424965677474,0.0132009715915091,2,0,2,"CLSW","MX","Tehueco El Fuerte, Municipio El Fuerte, Sinaloa, Mexico","UWBM:82510","20240711Plate_3/9c","20240711","Plate_3","9c","2006-08-06",8,6,2006,218,"Migrating","Migrating"
"CLSW_MX002_seq2",3.73713795381938,2.40931812105716,1.06634055506189,2.66547413457246,-1.57249312067424,0.565365835767496,"all","CLSW_MX002",9445,28.123239809423,0.00652151046597244,0.0769719428268925,0.908734780307041,0.0142932768660667,2,0,2,"CLSW","MX","Tehueco El Fuerte, Municipio El Fuerte, Sinaloa, Mexico","UWBM:82511","20240711Plate_3/9d","20240711","Plate_3","9d","2006-08-06",8,6,2006,218,"Migrating","Migrating"
"CLSW_MX003_seq2",4.75758507175355,4.13959959743786,3.95547756452435,6.2511120434533,1.74887880628543,2.5244741318194,"all","CLSW_MX003",9438,17.7784488239034,0.00725781003471127,0.0767111676202585,0.906124178851452,0.0171646535282899,2,0,2,"CLSW","MX","Puente Dren Carrenza on route 15 El Carrizo, Municipio Ahome, Sinaloa, Mexico","UWBM:90855","20240711Plate_3/9e","20240711","Plate_3","9e","2011-06-09",6,9,2011,160,"Breeding","Breeding"
"CLSW_MX004_seq2",5.17216408933302,5.29084110433854,5.23823334966461,7.7576648623299,0.726550386701726,-0.577311067784804,"all","CLSW_MX004",9435,23.0931637519873,0.00757336699274219,0.0790673025967144,0.901960784313726,0.0189719130895601,2,0,2,"CLSW","MX","Puente Dren Carrenza on route 15 El Carrizo, Municipio Ahome, Sinaloa, Mexico","UWBM:90751","20240711Plate_3/9f","20240711","Plate_3","9f","2011-06-09",6,9,2011,160,"Breeding","Breeding"
"CLSW_MX005_seq2",4.11364979463151,3.75661350444982,3.0649242015131,6.06941243519244,1.64180535492311,-1.11364795026564,"all","CLSW_MX005",9461,33.2591692210126,0.00483854002314084,0.0744107388225346,0.909523306204418,0.0160659549730472,2,0,2,"CLSW","MX","Sinaloa, Mexico","UWBM:90752","20240711Plate_3/9g","20240711","Plate_3","9g","2011-06-09",6,9,2011,160,"Breeding","Breeding"
"CLSW_ON014_seq2",-1.38865532297575,-2.09186549660961,0.583243134667066,0.526001274471186,0.136935625778786,0.0556334356090994,"all","CLSW_ON014",6137,2.7590027700831,0.354475649521405,0.0149910379664331,0.966759002770083,0.0182499592634838,2,0,1,"CLSW","ON","Ontario","2221-99481","20240711Plate_3/11h","20240711","Plate_3","11h",NA,NA,NA,NA,NA,"Breeding","Breeding"
"CLSW_ON015_seq2",-1.13938663445159,-3.33733855532158,0.941171521586201,0.741948410490941,-0.397604474487658,0.187437281168563,"all","CLSW_ON015",9357,10.3287378433259,0.0157778479015462,0.0370845356417655,0.951052687827295,0.0118627765309394,2,0,1,"CLSW","ON","Ontario","2221-99482","20240711Plate_3/12a","20240711","Plate_3","12a",NA,NA,NA,NA,NA,"Breeding","Breeding"
"CLSW_ON016_seq2",-1.34703358678689,-3.926619566027,1.14980096797688,0.665592326986053,0.238500693971812,-0.285657707499474,"all","CLSW_ON016",9460,28.8251585623679,0.00494372567581782,0.0422832980972516,0.943446088794926,0.0142706131078224,2,0,1,"CLSW","ON","Ontario","2221-99483","20240711Plate_3/12b","20240711","Plate_3","12b",NA,NA,NA,NA,NA,"Breeding","Breeding"
"CLSW_ON017_seq2",-1.41554234348149,-2.46180023959725,0.69681160411306,0.625418721900934,0.172693171377262,-0.0417097858751819,"all","CLSW_ON017",6996,3.17738707833047,0.264121173871884,0.0197255574614065,0.96483704974271,0.0154373927958834,2,0,1,"CLSW","ON","Ontario","2211-99486","20240711Plate_3/12c","20240711","Plate_3","12c",NA,NA,NA,NA,NA,"Breeding","Breeding"
"CLSW_ON018_seq2",-1.25382238253883,-2.51472084605623,0.70729119339182,0.387959901564841,0.187336086622672,-0.0556474798553865,"all","CLSW_ON018",6699,3.22152560083595,0.295361312716945,0.0137333930437379,0.96850276160621,0.0177638453500522,2,0,1,"CLSW","ON","Ontario","2221-99487","20240711Plate_3/12d","20240711","Plate_3","12d",NA,NA,NA,NA,NA,"Breeding","Breeding"
"CLSW_ON019_seq2",-1.44506916429948,-2.61582337286099,0.845236711425581,0.771906391006432,0.0781788838412384,-0.043432071742273,"all","CLSW_ON019",7117,3.29858086272306,0.25139370989797,0.0174230715188984,0.965013348320922,0.0175635801601799,2,0,1,"CLSW","ON","Ontario","2221-99506","20240711Plate_3/12e","20240711","Plate_3","12e",NA,NA,NA,NA,NA,"Breeding","Breeding"
"CLSW_ON020_seq2",-1.22170690002051,-2.95350118087288,0.832226178913569,0.744193328861603,0.160752114942585,0.0042442750783314,"all","CLSW_ON020",7853,3.90003820196103,0.173977069527716,0.0193556602572265,0.961925378836114,0.0187189609066599,2,0,1,"CLSW","ON","Ontario","2221-99712","20240711Plate_3/12f","20240711","Plate_3","12f",NA,NA,NA,NA,NA,"Breeding","Breeding"
"CLSW_SK002_seq2",-1.11294077970424,-2.18195733059886,0.377874031061945,0.46899603887248,0.119522353061889,0.40871012429262,"all","CLSW_SK002",8984,6.99176313446126,0.0550120963500579,0.031166518254675,0.952248441674087,0.0165850400712378,2,0,2,"CLSW","SK","Saskatoon, SK","1561-25398","20240711Plate_3/7g","20240711","Plate_3","7g","2010-07-01",7,1,2010,182,"Breeding","Breeding"
"CLSW_SK003_seq2",-0.578833693133068,-1.47801763598647,0.239627922919925,0.569291972664948,-0.0202280114988105,-0.0782070928149445,"all","CLSW_SK003",9188,8.39050936003483,0.033554223203955,0.0420113191118851,0.944166303874619,0.0138223770134959,2,0,2,"CLSW","SK","Saskatoon, SK","1561-25398","20240711Plate_3/7h","20240711","Plate_3","7h","2010-07-01",7,1,2010,182,"Breeding","Breeding"
"CLSW_SK004_seq2",0.0699390952656316,-0.791714388834985,-0.517704089970703,0.613240489441087,-0.247544401824458,-0.412203685901098,"all","CLSW_SK004",9467,59.8090208091264,0.00420742610707899,0.0524981514735397,0.9385232914334,0.0089785570930601,2,0,2,"CLSW","SK","Saskatoon, SK","1561-31989","20240711Plate_3/8a","20240711","Plate_3","8a","2010-07-01",7,1,2010,182,"Breeding","Breeding"
"CLSW_SK005_seq2",-0.439330452696222,-1.34154618929445,-0.23171738793568,0.124419015963174,-0.0356426007314841,-0.0895942910227842,"all","CLSW_SK005",9450,25.2645502645503,0.00599558220258757,0.0512169312169312,0.939470899470899,0.00931216931216931,2,0,2,"CLSW","SK","Saskatoon, SK","1561-25370","20240711Plate_3/8b","20240711","Plate_3","8b","2010-07-01",7,1,2010,182,"Breeding","Breeding"
"CLSW_SK_Bls_01",-0.626959778036246,-0.984440491456142,0.268958902490204,0.0710782481822281,0.299091889852138,-0.103103032491651,"all","CLSW_SK_Bls_01",4621,2.66565678424583,0.513937098979699,0.0136334126812378,0.967323090240208,0.0190434970785544,1,0,1,"CLSW","SK","Blackstrap, SK","1561-25120","20210222_Plate_1/2c","20210222","Plate_1","2c","2017-07-04",7,4,2017,185,"Breeding","Breeding"
"CLSW_SK_Bls_06",-1.09568305213643,-1.95108591396398,0.212541640395052,0.426222604100049,0.195209020448889,0.0726170485950221,"all","CLSW_SK_Bls_06",6875,3.80101818181818,0.276848637845798,0.0208,0.958690909090909,0.0205090909090909,1,0,1,"CLSW","SK","Blackstrap, SK","1561-25125","20210222_Plate_1/2h","20210222","Plate_1","2h","2017-07-05",7,5,2017,186,"Breeding","Breeding"
"CLSW_SK_Bls_07_seq2",-0.163500757283263,-1.93362932135884,0.632090259789264,0.328616102834987,0.553951536828833,0.212198491389661,"all","CLSW_SK_Bls_07",8778,5.40817953975849,0.0766803408015147,0.030872636135794,0.954203691045796,0.0149236728184097,2,0,1,"CLSW","SK","Blackstrap, SK","1561-25326","20240711Plate_3/11e","20240711","Plate_3","11e","2017-07-14",7,14,2017,195,"Breeding","Breeding"
"CLSW_SK_Bls_08_seq2",-0.961229400752932,-1.88827938250547,0.374557706928436,0.605775072214172,0.421085998915902,-0.183244592817303,"all","CLSW_SK_Bls_08",8086,4.04452139500371,0.149468812453981,0.0227553796685629,0.962156814246846,0.0150878060845907,2,0,1,"CLSW","SK","Blackstrap, SK","1561-25127","20240711Plate_3/11f","20240711","Plate_3","11f","2017-07-05",7,5,2017,186,"Breeding","Breeding"
"CLSW_SK_Ind_03_seq2",-0.319267052705106,-0.726573092050474,0.112358331055363,0.0564020462140275,0.146386579539574,-0.13022736513572,"all","CLSW_SK_Ind_03",3272,2.19987775061125,0.655832544440938,0.00672371638141809,0.977078239608802,0.0161980440097799,2,0,2,"CLSW","SK","Indi Lk, SK","1561-25150","20240711Plate_3/7a","20240711","Plate_3","7a","2017-07-06",7,6,2017,187,"Breeding","Breeding"
"CLSW_SK_Ind_04_seq2",-0.275743954291665,-0.612256799792668,0.237003415185531,0.180152400260067,0.109389415523188,0.0123445953029007,"all","CLSW_SK_Ind_04",2999,2.14638212737579,0.684548227621752,0.00566855618539513,0.980660220073358,0.0136712237412471,2,0,2,"CLSW","SK","Indi Lk, SK","1561-25151","20240711Plate_3/7b","20240711","Plate_3","7b","2017-07-06",7,6,2017,187,"Breeding","Breeding"
"CLSW_SK_Ind_06",-0.517300006017423,-0.941480514372614,0.347874336398867,0.079101626268393,0.289875214086383,-0.015366962404346,"all","CLSW_SK_Ind_06",2879,2.71795762417506,0.697170505942989,0.0125043417853421,0.952414032650226,0.0350816255644321,1,0,1,"CLSW","SK","Indi Lk, SK","2161-30227","20210222_Plate_1/3f","20210222","Plate_1","3f","2017-06-13",6,13,2017,164,"Breeding","Breeding"
"CLSW_SK_Ind_07_seq2",-0.882769078298238,-1.86491432256822,0.541278144440627,0.0377527872678694,0.523136789451376,-0.494619741496196,"all","CLSW_SK_Ind_07",8366,4.64272053550084,0.120016829704428,0.0255797274683242,0.956849151326799,0.0175711212048769,2,0,1,"CLSW","SK","Indi Lk, SK","2161-30230","20240711Plate_3/11g","20240711","Plate_3","11g","2017-06-13",6,13,2017,164,"Breeding","Breeding"
"CLSW_WA001_seq2",1.79839237395128,0.742590515902834,-3.89766817479746,-0.205700142254572,-0.220613940448534,2.33259843170171,"all","CLSW_WA001",9437,24.0637914591502,0.00736299568738824,0.0801102045141464,0.907067924128431,0.0128218713574229,2,0,2,"CLSW","WA","Soda Lake Wilson Creek, Grant, WA","UWBM:124867","20240711Plate_3/8d","20240711","Plate_3","8d","2018-06-11",6,11,2018,162,"Breeding","Breeding"
"CLSW_WA002",3.13203724876717,0.684430017555451,-5.27053865419724,-0.397890414262557,0.0456567139900991,-0.318938629239455,"all","CLSW_WA002",9472,38.5374788851351,0.00368149784369412,0.0794974662162162,0.907728040540541,0.0127744932432432,1,0,1,"CLSW","WA","Electric City, Douglas, WA","UWBM:60585","20231102_Plate_2/2b","20231102","Plate_2","2b","1993-03-30",3,30,1993,89,"Migrating","Migrating"
"CLSW_WA003_merged",2.99043461420715,0.188481096416189,-5.90941483386644,-2.06704423681769,2.42405237173752,1.36272937792334,"all","CLSW_WA003",9456,73.9389805414552,0.00536446828652572,0.0780456852791878,0.906408629441624,0.0155456852791878,1,1,1,"CLSW","WA","Soda Lake Wilson Creek, Grant, WA","UWBM:95281","Merged","Merged","Merged","Merged","2018-06-11",6,11,2018,162,"Breeding","Breeding"
"CLSW_WA004",2.97469805137205,1.30321050425066,-6.74072013202598,0.443660145004321,-0.542076009581775,-2.20775710548381,"all","CLSW_WA004",9437,24.0583871993218,0.00736299568738824,0.0831832150047685,0.902299459574017,0.0145173254212144,1,0,1,"CLSW","WA","Seatac Airport, runway 16C SeaTac, King, WA","UWBM:88869","20231102_Plate_2/2d","20231102","Plate_2","2d","2008-07-18",7,18,2008,200,"Breeding","Breeding"
"CLSW_WA005",2.47537151502422,0.947053076279947,-6.21658485086535,-0.491749276414676,3.01749576021157,0.648437119885188,"all","CLSW_WA005",9404,10.2419183326244,0.0108341222257284,0.0765631646108039,0.907805189281157,0.0156316461080391,1,0,1,"CLSW","WA","Cultus Bay Nursery Clinton, Island, WA","UWBM:123719","20231102_Plate_2/2e","20231102","Plate_2","2e","2014-06-10",6,10,2014,161,"Breeding","Breeding"
"CLSW_WA006",3.12611533109437,0.0317366571881237,-5.25691780197651,-0.0485694444452515,0.398569611258275,-1.11260271360069,"all","CLSW_WA006",9446,17.5963370738937,0.00641632481329547,0.0770696591149693,0.909062036840991,0.0138683040440398,1,0,1,"CLSW","WA","Cape Disappointment State Park, Pacific, WA","UWBM:119662","20231102_Plate_2/2f","20231102","Plate_2","2f","2012-06-07",6,7,2012,159,"Breeding","Breeding"
"CLSW_WA007",2.96438712611262,1.69245391478729,-5.57421242559527,-0.164267006228793,0.3851433793713,0.7812341581312,"all","CLSW_WA007",9459,54.7407759805476,0.00504891132849479,0.0816153927476477,0.904323924304895,0.0140606829474574,1,0,1,"CLSW","WA","Mountain Vista Road Othello, Franklin, WA","UWBM:74142","20231102_Plate_2/2g","20231102","Plate_2","2g","1998-06-20",6,20,1998,171,"Breeding","Breeding"
"CLSW_WA008_seq2",2.93601291937674,0.944788035742942,-5.9048465017235,-0.469705000765747,1.17631511227337,-0.33508168790921,"all","CLSW_WA008",9414,14.7934990439771,0.00978226569895866,0.0760569364775866,0.907371999150202,0.0165710643722116,2,0,2,"CLSW","WA","SeaTac Airport SeaTac, King, WA","UWBM:122263","20240711Plate_3/8e","20240711","Plate_3","8e","2011-05-06",5,6,2011,126,"Migrating","Migrating"
"PUMA_NC_001",-4.94692002645062,3.09764423158896,0.389623622990791,-2.53911966225936,0.0352075599282163,0.205836294363408,"all","PUMA_NC_001",19111,3.25487938883366,0.533046644024727,0.0796923237925802,0.87640625817592,0.0439014180315002,1,0,1,"PUMA","NC","William B Umstead Bridge, Hwy 64/264, Dare, NC","UWBM:85533","20231102_Plate_1/11h","20231102","Plate_1","11h","2001-08-03",8,3,2001,215,"Breeding","Breeding"
"PUMA_NC_002",-16.989626939211,10.7926886063868,7.01325793299745,-27.7231138784644,3.03116785119077,2.61279070195787,"all","PUMA_NC_002",39058,25.9426749961596,0.0456666748112493,0.166777612780992,0.761226893338113,0.0719954938808951,1,0,1,"PUMA","NC","William B. Umstead Bridge Hwy 64/264 Manteo, Dare, NC","UWBM:86781","20231102_Plate_1/12a","20231102","Plate_1","12a",NA,NA,NA,NA,NA,"Breeding","Breeding"
"PUMA_NC_003_seq2",-18.1169509213312,11.6313715496464,17.4022210406337,-42.1557787265264,2.74501361056967,5.46231578363307,"all","PUMA_NC_003",38192,18.0944176790951,0.0668263004862316,0.154194595726854,0.757226644323418,0.0885787599497277,2,0,2,"PUMA","NC","William B. Umstead Bridge Hwy 64/264 Manteo, Dare, NC","UWBM:86782","20240711Plate_4/10f","20240711","Plate_4","10f","2001-08-03",8,3,2001,215,"Breeding","Breeding"
"PUMA_NC_004_seq2",-4.08630105893811,1.78071051190704,1.48837738297986,-2.43694460945614,0.0311813523670908,0.258681637755973,"all","PUMA_NC_004",12937,5.31413774445389,0.683900603513573,0.0537991806446626,0.855144160160779,0.0910566591945582,2,0,2,"PUMA","NC","William B Umstead Bridge, Hwy 64/264 Manteo, Dare, NC","UWBM:86688","20240711Plate_4/10g","20240711","Plate_4","10g","2001-08-03",8,3,2001,215,"Breeding","Breeding"
"PUMA_NV_001_seq2",16.6651256089853,-6.70624947061465,37.5693898231162,12.0921818287048,7.23381463411316,-6.40904683462006,"all","PUMA_NV_001",38267,25.1243630281966,0.0649937693942874,0.158491650769593,0.757937648626754,0.0835707006036533,2,0,2,"PUMA","NV","Cabin Canyon, upper end of canyon Mesquite, Clark, NV","UWBM:116474","20240711Plate_4/10h","20240711","Plate_4","10h","2012-05-27",5,27,2012,148,"Breeding","Breeding"
"PUMA_NV_002_seq2",17.1708306957587,-6.97723095703042,38.5601334063001,10.455517144671,7.86540322625061,-4.17981767201251,"all","PUMA_NV_002",38611,25.4244645308332,0.0565885601192367,0.159151537126726,0.758281318795162,0.0825671440781125,2,0,2,"PUMA","NV","Cabin Canyon, upper end of canyon Mesquite, Clark, NV","UWBM:116475","20240711Plate_4/11a","20240711","Plate_4","11a","2012-05-27",5,27,2012,148,"Breeding","Breeding"
"PUMA_PI_BC001",28.3519643046182,-1.15003877651478,-4.54026569222363,-1.96687785013529,1.25355404924841,17.7787854854837,"all","PUMA_PI_BC001",39324,31.2460583867358,0.0391672978718206,0.153417760146475,0.774641440341776,0.0719407995117485,1,0,1,"PUMA","PI and VI","Pender Island, BC","PW01","20231102_Plate_1/9f","20231102","Plate_1","9f",NA,NA,NA,NA,NA,"Breeding","Breeding"
"PUMA_PI_BC002",28.1473816840734,-1.44686748009846,-4.81991252001141,-0.872762789633144,0.53854457540791,15.4492290892319,"all","PUMA_PI_BC002",38346,13.3559954102123,0.0630635033107728,0.14223126271319,0.784931935534345,0.0728368017524644,1,0,1,"PUMA","PI and VI","Pender Island, BC","PW02","20231102_Plate_1/9g","20231102","Plate_1","9g",NA,NA,NA,NA,NA,"Breeding","Breeding"
"PUMA_PI_BC003",27.1733868598846,-1.23697391748684,-4.1938269103363,-0.505778719799689,0.903296171290151,14.5264667672433,"all","PUMA_PI_BC003",38818,15.5401360193725,0.0515307743054707,0.148925756092534,0.781415838013293,0.0696584058941728,1,0,1,"PUMA","PI and VI","Pender Island, BC","PW03","20231102_Plate_1/9h","20231102","Plate_1","9h",NA,NA,NA,NA,NA,"Breeding","Breeding"
"PUMA_PI_BC004",9.31676393016393,0.952622194207646,-2.31476999348876,0.943969251685707,0.0306988201721576,4.32810726198417,"all","PUMA_PI_BC004",21594,4.09354450310271,0.472377648007428,0.0947022321015097,0.859081226266555,0.0462165416319348,1,0,1,"PUMA","PI and VI","Pender Island, BC","PW04","20231102_Plate_1/10a","20231102","Plate_1","10a",NA,NA,NA,NA,NA,"Breeding","Breeding"
"PUMA_PI_BC005",16.1295504145375,-0.226281245416395,-4.39757647743503,0.612724430148351,-0.100799096725918,6.74970361434717,"all","PUMA_PI_BC005",28380,6.80271317829457,0.306570234808317,0.118851303735025,0.823114869626497,0.0580338266384778,1,0,1,"PUMA","PI and VI","Pender Island, BC","PW05","20231102_Plate_1/10b","20231102","Plate_1","10b",NA,NA,NA,NA,NA,"Breeding","Breeding"
"PUMA_PI_BC006",30.1852208980126,-1.80068583136281,-5.79756355717138,-0.850451934083157,-0.151213418588737,15.5993756190037,"all","PUMA_PI_BC006",39317,28.419080804741,0.0393383341070687,0.143118752702393,0.779357529821706,0.077523717475901,1,0,1,"PUMA","PI and VI","Pender Island, BC","PW06","20231102_Plate_1/10c","20231102","Plate_1","10c",NA,NA,NA,NA,NA,"Breeding","Breeding"
"PUMA_PI_BC007",7.0917995058205,0.652105211310981,-2.20008837916984,1.35184696826757,0.2090717624846,2.62132337990056,"all","PUMA_PI_BC007",18540,4.21111111111111,0.546998314071395,0.0889428263214671,0.86747572815534,0.0435814455231931,1,0,1,"PUMA","PI and VI","Pender Island, BC","PW07","20231102_Plate_1/10d","20231102","Plate_1","10d",NA,NA,NA,NA,NA,"Breeding","Breeding"
"PUMA_PI_BC008",15.7307545508283,0.506612355645392,-4.14364368428341,0.820849595973714,-0.0280474753471982,7.50542935448973,"all","PUMA_PI_BC008",29825,5.91684828164292,0.271263469103526,0.110544844928751,0.832053646269908,0.0574015088013412,1,0,1,"PUMA","PI and VI","Pender Island, BC","OB39","20231102_Plate_1/10e","20231102","Plate_1","10e",NA,NA,NA,NA,NA,"Breeding","Breeding"
"PUMA_SBC001_seq2",19.1109547891761,-2.21081510264431,3.12243043730981,2.60372996753628,-2.74512295521039,13.1211194685939,"all","PUMA_SBC001",30404,9.78578476516248,0.257116329073717,0.0660110511774766,0.814136297855545,0.119852650966978,2,0,2,"PUMA","SBC","YVR, Lower Mainland, BC","PUMA_UBC001","20240711Plate_4/10c","20240711","Plate_4","10c","2018-06-03",6,3,2018,154,"Breeding","Breeding"
"PUMA_SK001_merged",-12.0018429941486,-18.9435693311425,-3.63295817299183,-2.51536618519272,7.33022961337184,-0.716068440042864,"all","PUMA_SK001",20338,4.90416953486085,0.50306643536052,0.132854754646475,0.802340446454912,0.0648047988986134,1,1,1,"PUMA","SK","SK","8041-64136/PH26","Merged","Merged","Merged","Merged",NA,NA,NA,NA,NA,"Breeding","Breeding"
"PUMA_SK002_seq2",-28.6175299460818,-45.5308341507355,-6.23770085260751,-5.02838519618855,13.932120957058,-0.820554410772945,"all","PUMA_SK002",39320,37.4976093591048,0.0392650328633909,0.213606307222787,0.709969481180061,0.0764242115971516,2,0,2,"PUMA","SK","SK","8051-77178/P12","20240711Plate_4/10d","20240711","Plate_4","10d",NA,NA,NA,NA,NA,"Breeding","Breeding"
"PUMA_SK_xxx_01",-15.7369264006795,0.568232275317537,-3.20684049883638,3.12838449445527,-11.1177477690445,1.20885901848388,"all","PUMA_SK_xxx_01",35444,11.396879584697,0.133970239695067,0.156443967949441,0.784110145581763,0.0594458864687958,1,0,1,"PUMA","SK","SK","8041-64136","20210222_Plate_2/10c","20210222","Plate_2","10c",NA,NA,NA,NA,NA,"Breeding","Breeding"
"PUMA_SK_xxx_02",-18.3726104424497,-30.6382691658772,-8.34424398532115,-2.0413787293793,11.4498133544512,-0.535098595036483,"all","PUMA_SK_xxx_02",28558,6.02307584564745,0.302221027683436,0.172386021430072,0.7623082848939,0.0653056936760277,1,0,1,"PUMA","SK","SK","8051-77178","20210222_Plate_2/10d","20210222","Plate_2","10d",NA,NA,NA,NA,NA,"Breeding","Breeding"
"PUMA_SK_xxx_03",-17.1291018854024,0.0361580362824224,-1.58657023922814,6.12643288380368,-13.9483076838311,1.77400348166657,"all","PUMA_SK_xxx_03",37989,32.3867172076127,0.0717863513084272,0.156676932796336,0.78127879122904,0.0620442759746242,1,0,1,"PUMA","SK","SK","8051-77167","20210222_Plate_2/10e","20210222","Plate_2","10e",NA,NA,NA,NA,NA,"Breeding","Breeding"
"PUMA_SK_xxx_05",-16.1458456724986,-0.235065774720828,-2.36843621641795,5.27536042352924,-13.4532633824275,-0.700749718614377,"all","PUMA_SK_xxx_05",36631,20.4792661952991,0.104967380946563,0.155797002538833,0.782725014332123,0.0614779831290437,1,0,1,"PUMA","SK","SK","8051-77299","20210222_Plate_2/10g","20210222","Plate_2","10g",NA,NA,NA,NA,NA,"Breeding","Breeding"
"PUMA_SK_xxx_06",-16.4798982033201,0.858567631708844,-1.57577608575954,3.91752471839893,-15.196027032822,0.294785456150388,"all","PUMA_SK_xxx_06",37039,28.3526283106995,0.094998411806387,0.16201841302411,0.777666783660466,0.0603148033154243,1,0,1,"PUMA","SK","SK","8041-64148","20210222_Plate_2/10h","20210222","Plate_2","10h",NA,NA,NA,NA,NA,"Breeding","Breeding"
"PUMA_SK_xxx_07",-8.35508284024274,0.311927444193922,-1.2993068411763,2.81791493217585,-3.98996374681573,0.304574633145837,"all","PUMA_SK_xxx_07",26059,4.38773552323573,0.363280963667017,0.11051843892705,0.841168118500326,0.0483134425726237,1,0,1,"PUMA","SK","SK","8051-77183","20210222_Plate_2/11a","20210222","Plate_2","11a",NA,NA,NA,NA,NA,"Breeding","Breeding"
"PUMA_SK_xxx_08_seq2",-19.2752643063856,-5.44264877261343,9.03951788349126,4.15532662455682,-23.9902079999529,0.789618342871601,"all","PUMA_SK_xxx_08",38850,28.8150321750322,0.0507488943729079,0.17966537966538,0.754697554697555,0.0656370656370656,2,0,2,"PUMA","SK","SK","8041-64104","20240711Plate_4/9g","20240711","Plate_4","9g",NA,NA,NA,NA,NA,"Breeding","Breeding"
"PUMA_SK_xxx_09",-5.34935032070637,0.0993329133269256,-1.6253229848927,1.45655828557928,-2.59448803832914,0.35551153141885,"all","PUMA_SK_xxx_09",21076,3.5148984627064,0.485034329415789,0.0931391155817043,0.864300626304802,0.042560258113494,1,0,1,"PUMA","SK","SK","8051-77173","20210222_Plate_2/11c","20210222","Plate_2","11c",NA,NA,NA,NA,NA,"Breeding","Breeding"
"PUMA_SK_xxx_10_seq2",-19.9896610488189,-5.84334177647478,7.35358735163477,1.9300719352723,-25.2941996784884,1.40961362500679,"all","PUMA_SK_xxx_10",39158,43.6365749016804,0.0432233000219904,0.182312681955156,0.750600132795342,0.067087185249502,2,0,2,"PUMA","SK","SK","8051-77172","20240711Plate_4/9h","20240711","Plate_4","9h",NA,NA,NA,NA,NA,"Breeding","Breeding"
"PUMA_SK_xxx_12",-7.11890738240306,0.481301337874589,-1.26594703393037,2.02935759511124,-3.11841402115678,0.140694612331711,"all","PUMA_SK_xxx_12",24733,4.2116201026968,0.39568011337259,0.115918004285772,0.841911616059516,0.0421703796547123,1,0,1,"PUMA","SK","SK","8051-77296","20210222_Plate_2/11f","20210222","Plate_2","11f",NA,NA,NA,NA,NA,"Breeding","Breeding"
"PUMA_SWON_001",-9.65816362610029,8.05407577277255,-2.21381845545875,5.13547513694108,7.73816451099605,-0.520246277499851,"all","PUMA_SWON_001",24701,5.09542123800656,0.396461993305153,0.121897898870491,0.823246022428242,0.0548560787012672,1,0,1,"PUMA","SWON","SWON","39/PUMA 13","20231102_Plate_1/10f","20231102","Plate_1","10f",NA,NA,NA,NA,NA,"Breeding","Breeding"
"PUMA_SWON_xxx_01",-14.854222525602,14.3192509601036,-4.20771028524029,9.54295413013756,13.1994861113339,-1.03431477702138,"all","PUMA_SWON_xxx_01",32549,8.98574456972564,0.204705939844113,0.156225997726505,0.778641432916526,0.0651325693569695,1,0,1,"PUMA","SWON","SWON","141","20210222_Plate_2/11g","20210222","Plate_2","11g",NA,NA,NA,NA,NA,"Breeding","Breeding"
"PUMA_SWON_xxx_02",-10.3670423611027,6.98474443959488,-1.87303577331935,3.01084217365872,4.23095824383104,-0.544357367325138,"all","PUMA_SWON_xxx_02",29702,5.77210288869436,0.274268820094314,0.122618005521514,0.825836643997037,0.0515453504814491,1,0,1,"PUMA","SWON","SWON","143","20210222_Plate_2/11h","20210222","Plate_2","11h",NA,NA,NA,NA,NA,"Breeding","Breeding"
"PUMA_SWON_xxx_03",-7.20232988710147,5.72255993022857,-1.93742028265039,2.60949050683228,2.27715260219439,-0.786604142483995,"all","PUMA_SWON_xxx_03",25709,4.38741296822125,0.371832775429423,0.110272667159361,0.842934380956085,0.046792951884554,1,0,1,"PUMA","SWON","SWON","146","20210222_Plate_2/12a","20210222","Plate_2","12a",NA,NA,NA,NA,NA,"Breeding","Breeding"
"PUMA_SWON_xxx_04",-2.81844472283622,2.36135668873176,-0.872595467851238,0.938368296150693,0.926051972712882,-0.097724598526201,"all","PUMA_SWON_xxx_04",14844,2.79500134734573,0.637305446282405,0.0732956076529237,0.893761789275128,0.0329426030719483,1,0,1,"PUMA","SWON","SWON","147","20210222_Plate_2/12b","20210222","Plate_2","12b",NA,NA,NA,NA,NA,"Breeding","Breeding"
"PUMA_SWON_xxx_06",-15.0168188113402,13.0774314656447,-2.23651835743544,7.15527932870475,10.287261410573,-2.53185555931962,"all","PUMA_SWON_xxx_06",35691,17.1533719985431,0.127935103965597,0.158415286766972,0.779328121935502,0.062256591297526,1,0,1,"PUMA","SWON","SWON","151","20210222_Plate_2/12d","20210222","Plate_2","12d",NA,NA,NA,NA,NA,"Breeding","Breeding"
"PUMA_SWON_xxx_07",-15.18464284144,14.5183677709885,-4.21082155172232,7.05972721086461,10.6312085727188,-2.40041085030689,"all","PUMA_SWON_xxx_07",34373,10.4467459924941,0.16013878368803,0.15195065894743,0.78497658045559,0.0630727605969802,1,0,1,"PUMA","SWON","SWON","152","20210222_Plate_2/12e","20210222","Plate_2","12e",NA,NA,NA,NA,NA,"Breeding","Breeding"
"PUMA_SWON_xxx_08",-13.8338045797603,10.6924424973095,-2.47308114215055,5.744084848531,8.20356485930237,-1.80094966054061,"all","PUMA_SWON_xxx_08",35080,9.59258836944128,0.142864123927969,0.14806157354618,0.793500570125428,0.0584378563283922,1,0,1,"PUMA","SWON","SWON","153","20210222_Plate_2/12f","20210222","Plate_2","12f",NA,NA,NA,NA,NA,"Breeding","Breeding"
"PUMA_SWON_xxx_09",-12.4682791702288,9.94921039770501,-3.17522438330125,4.96233247155264,5.78287372533832,-1.93422643258877,"all","PUMA_SWON_xxx_09",33260,7.39013830426939,0.187333545092482,0.131900180396873,0.806524353577871,0.0615754660252556,1,0,1,"PUMA","SWON","SWON","154","20210222_Plate_2/12g","20210222","Plate_2","12g",NA,NA,NA,NA,NA,"Breeding","Breeding"
"PUMA_SWON_xxx_10",-15.8675028641973,14.415640386836,-3.97241876944924,7.08055736760095,11.0948376334487,-2.14852649995171,"all","PUMA_SWON_xxx_10",35888,10.2601983950067,0.123121655630757,0.15333816317432,0.785527195720018,0.0611346411056621,1,0,1,"PUMA","SWON","SWON","155","20210222_Plate_2/12h","20210222","Plate_2","12h",NA,NA,NA,NA,NA,"Breeding","Breeding"
"PUMA_VI_BC009",5.19860267759801,0.938472649484255,-1.09236497361143,0.685878881401929,-0.0446235351781155,0.738994216113133,"all","PUMA_VI_BC009",18890,3.26363155108523,0.538446502308989,0.0529910005293806,0.892694547379566,0.0543144520910535,1,0,1,"PUMA","PI and VI","Vancouver Island, Mayne Island, BC","PUMA_UBC002","20231102_Plate_1/9e","20231102","Plate_1","9e","2019-07-05",7,5,2019,186,"Breeding","Breeding"
"PUMA_WA_001",26.2011576190203,-1.59957933339389,-5.75079317352029,-2.85783399790797,-2.54505492622498,-12.1863262008067,"all","PUMA_WA_001",37559,11.8014590377806,0.0822928629022406,0.137676721957454,0.789185015575495,0.0731382624670518,1,0,1,"PUMA","WA","Bremerton, Kitsap, WA","UWBM:86057","20231102_Plate_1/11b","20231102","Plate_1","11b","2006-06-25",6,25,2006,176,"Breeding","Breeding"
"PUMA_WA_002",14.3139189384502,0.567550548980866,-6.23913413171004,-4.02602861770243,-2.99070777136877,-17.1851438245786,"all","PUMA_WA_002",27290,4.76581165262001,0.33320302001124,0.113777940637596,0.826639794796629,0.059582264565775,1,0,1,"PUMA","WA","Bellingham, Whatcom, WA","UWBM:119728","20231102_Plate_1/11c","20231102","Plate_1","11c","2007-08-10",8,10,2007,222,"Migrating","Migrating"
"PUMA_WA_003",28.1896468225865,-1.90046775445045,-4.86325497802287,-3.98175232399954,-2.1442271134413,-14.3639879109305,"all","PUMA_WA_003",38923,16.8411992909077,0.0489652307767488,0.141664311589549,0.782647791794055,0.0756878966163965,1,0,1,"PUMA","WA","waterfront near senior center Edmonds, Snohomish, WA","UWBM:88763","20231102_Plate_1/11d","20231102","Plate_1","11d","2008-08-12",8,12,2008,225,"Migrating","Migrating"
"PUMA_WA_005",29.384556273998,-1.57505741230777,-4.64710782879451,-4.87886982305265,-2.92031254454914,-11.8840363213505,"all","PUMA_WA_005",39318,33.8348847855944,0.0393139003591761,0.153593773844041,0.773360801668447,0.0730454244875121,1,0,1,"PUMA","WA","near 231 Pafitt Way SW, in harbor, Kitsap, WA","UWBM:119280","20231102_Plate_1/11f","20231102","Plate_1","11f","2013-06-22",6,22,2013,173,"Breeding","Breeding"
"PUMA_WA_006",27.6214562052652,0.0935984451072647,-8.62248920193442,-9.26229838846574,-4.58794899085037,-30.4557732808478,"all","PUMA_WA_006",38792,16.7481181686946,0.052166051750678,0.15719736028047,0.767941843679109,0.0748607960404207,1,0,1,"PUMA","WA","Washington, USA","UWBM:120067","20231102_Plate_1/11g","20231102","Plate_1","11g","2007-08-10",8,10,2007,222,"Migrating","Migrating"
"VGSW_CO002_merged",-9.31984134950528,8.67900596438041,-17.7394258166118,-2.63567042466086,0.725570998056304,-3.9698004871494,"all","VGSW_CO002",41593,17.5814439929796,0.0592160322091787,0.132882937032674,0.808164835429038,0.0589522275382877,1,1,1,"VGSW","CO","Drowsy Water Ranch, 1454 4451 County Road, 8 kilometers northwest of Granby,CO","DMNS:Bird:43248","Merged","Merged","Merged","Merged","2009-08-24",8,24,2009,236,"Migrating","Migrating"
"VGSW_CO003",-0.765365245343431,0.143612634484521,-0.8691657595117,0.290640003951054,-0.0418515270950061,-0.570461229761199,"all","VGSW_CO003",14748,2.40927583401139,0.666417859808645,0.0442771901274749,0.929820992676973,0.0259018171955519,1,0,1,"VGSW","CO","Littleton, Denver Water Facility Outlet, Works, 11300 Waterton Road","DMNS:Bird:56024","20231102_Plate_2/10g","20231102","Plate_2","10g",NA,NA,NA,NA,NA,"Breeding","Breeding"
"VGSW_CO004_merged",-10.1892374893312,8.76518824784477,-18.9168194881087,-2.41146919238585,-1.26813409849996,-3.79955926878093,"all","VGSW_CO004",43013,76.7494710901355,0.0270973287190971,0.151884314044591,0.79568967521447,0.0524260107409388,1,1,1,"VGSW","CO","Littleton, Denver Water Facility Outlet, Works, 11300 Waterton Road","DMNS:Bird:56025","Merged","Merged","Merged","Merged",NA,NA,NA,NA,NA,"Breeding","Breeding"
"VGSW_CO005",-10.2168657511279,9.57915249661833,-20.4972350357306,-1.86936203012733,-4.67753956998138,0.30550184093308,"all","VGSW_CO005",43147,48.8930864254757,0.0240664088122865,0.150601432312791,0.793056295918604,0.056342271768605,1,0,1,"VGSW","CO","Littleton, Denver Water Facility Outlet, Works, 11300 Waterton Road","DMNS:Bird:56026","20231102_Plate_2/11a","20231102","Plate_2","11a",NA,NA,NA,NA,NA,"Breeding","Breeding"
"VGSW_CO006",-9.10696672773631,7.4221717548827,-19.1190467802354,0.540692900016694,-4.48920992909399,-2.56782956552793,"all","VGSW_CO006",43070,27.1231483631298,0.0258080568184389,0.151102855816113,0.795983283027629,0.0529138611562573,1,0,1,"VGSW","CO","Littleton, Denver Water Facility Outlet, Works, 11300 Waterton Road","DMNS:Bird:56027","20231102_Plate_2/11b","20231102","Plate_2","11b",NA,NA,NA,NA,NA,"Breeding","Breeding"
"VGSW_CO008",-9.14685653426541,7.23791295536741,-19.2485738180299,-0.159701822075931,-5.58696506508828,0.108837304394457,"all","VGSW_CO008",43230,73.9650242886884,0.022189047974486,0.150219754799907,0.798126301179736,0.0516539440203562,1,0,1,"VGSW","CO","Littleton, Denver Water Facility Outlet, Works, 11300 Waterton Road","DMNS:Bird:56028","20231102_Plate_2/11c","20231102","Plate_2","11c",NA,NA,NA,NA,NA,"Breeding","Breeding"
"VGSW_CO009",-8.88861627492902,7.70999671090655,-19.0638623527089,2.00407230656162,-4.31651282424469,0.774179217056107,"all","VGSW_CO009",43022,27.3237878294826,0.0268937594716247,0.151806052717214,0.797963832457812,0.0502301148249733,1,0,1,"VGSW","CO","Lafayette, Whispering Meadow Park","DMNS:Bird:56193","20231102_Plate_2/11d","20231102","Plate_2","11d","2012-07-17",7,17,2012,199,"Breeding","Breeding"
"VGSW_CO010_merged",-4.70415224490648,2.59648275972411,-7.38163794796039,-0.63208754399907,-0.950231703442261,-0.991934461801235,"all","VGSW_CO010",29860,6.88657066309444,0.324602474497297,0.0782652377762894,0.857233757535164,0.0645010046885466,1,1,1,"VGSW","CO","Higgins Gulch, 1.5 miles southwest of Speaefish","DMNS:Bird:45508","Merged","Merged","Merged","Merged","2010-08-17",8,17,2010,229,"Migrating","Migrating"
"VGSW_NM001_seq2",-5.59171579213015,-2.63174729866892,7.80277732379112,-33.9387371287315,-11.6292468861233,5.95465741131714,"all","VGSW_NM001",37565,13.0705976307733,0.150324579855692,0.0886463463330228,0.835884466923998,0.0754691867429788,2,0,1,"VGSW","NM","Spring Cañon Jarido, Sandoval, NM","UWBM:74524","20240711Plate_4/4f","20240711","Plate_4","4f","2002-06-27",6,27,2002,178,"Breeding","Breeding"
"VGSW_NM002_seq2",-6.46106899248136,-2.21723334831862,10.2967965230754,-39.8460727219967,-14.3145422704778,5.54910258759693,"all","VGSW_NM002",42866,39.6765968366538,0.0304222930944788,0.112956655624504,0.82118695469603,0.0658563896794662,2,0,1,"VGSW","NM","Spring Cañon Jarido, Sandoval, NM","UWBM:74523","20240711Plate_4/4g","20240711","Plate_4","4g","2002-06-27",6,27,2002,178,"Breeding","Breeding"
"VGSW_NV001",-3.95817790690156,-1.15850970660928,7.56803418844448,7.09399168882595,-5.53228962409611,2.41729776096559,"all","VGSW_NV001",39177,7.10733338438369,0.113863065752867,0.129795543303469,0.823033922965005,0.0471705337315262,1,0,1,"VGSW","NV","Carpenter Canyon Pahrump, Clark, NV","UWBM:80463","20231102_Plate_2/8d","20231102","Plate_2","8d","2012-05-24",5,24,2012,145,"Breeding","Breeding"
"VGSW_NV002",-3.75653705975327,-1.19643695404356,7.95612102281543,6.69804187498811,-6.75787929261782,1.23562971754038,"all","VGSW_NV002",39727,11.2862033377803,0.101422722851779,0.138016965791527,0.814886601052181,0.0470964331562917,1,0,1,"VGSW","NV","Carpenter Canyon Pahrump, Clark, NV","UWBM:80464","20231102_Plate_2/8e","20231102","Plate_2","8e","2012-05-24",5,24,2012,145,"Breeding","Breeding"
"VGSW_NV003_seq2",-6.45301169915404,-3.23850102942322,14.2860432548018,10.2118570185443,-10.0131432648133,2.77850187373526,"all","VGSW_NV003",42388,23.2180334056809,0.0412340820157879,0.145111824101161,0.797041615551571,0.0578465603472681,2,0,2,"VGSW","NV","Carpenter Canyon Pahrump, Clark, NV","UWBM:78839","20240711Plate_4/11f","20240711","Plate_4","11f","2012-05-24",5,24,2012,145,"Breeding","Breeding"
"VGSW_NV004",-7.19036699649915,-0.0250049846139116,7.4973598591666,11.9990306831873,-10.7193795309496,10.872023776204,"all","VGSW_NV004",42793,16.9668637393966,0.0320734658795322,0.155773140466899,0.791811744911551,0.0524151146215503,1,0,1,"VGSW","NV","Cabin Canyon Mesquite, Clark, NV","UWBM:95588","20231102_Plate_2/8g","20231102","Plate_2","8g","2012-05-26",5,26,2012,147,"Breeding","Breeding"
"VGSW_NV005_seq2",-4.50622815797886,-1.55398817745614,10.6008055061602,7.39098492669517,-9.62344509124591,0.915592120095706,"all","VGSW_NV005",40316,16.5280285742633,0.0881002465449775,0.131759103085624,0.809232066673281,0.0590088302410953,2,0,2,"VGSW","NV","Cabin Canyon Mesquite, Clark, NV","UWBM:91481","20240711Plate_4/11d","20240711","Plate_4","11d","2012-05-26",5,26,2012,147,"Breeding","Breeding"
"VGSW_NV006",-7.40198389924885,-1.17978368825296,6.68515316620247,10.6796160311947,-9.22396890660863,9.02142041127454,"all","VGSW_NV006",42430,13.0924345981617,0.0402840921942503,0.155786000471365,0.794932830544426,0.0492811689842093,1,0,1,"VGSW","NV","Cabin Canyon Mesquite, Clark, NV","UWBM:60570","20231102_Plate_2/9a","20231102","Plate_2","9a","2012-05-26",5,26,2012,147,"Breeding","Breeding"
"VGSW_NV008",-6.32284020193033,-0.0815165315203649,7.34729591977655,8.11515376092038,-8.8995498944546,6.67796487858165,"all","VGSW_NV008",42174,15.6985583534879,0.0460745063445749,0.153909991938161,0.797908664105847,0.0481813439559918,1,0,1,"VGSW","NV","Cabin Canyon Mesquite, Clark, NV","UWBM:80325","20231102_Plate_2/7h","20231102","Plate_2","7h","2012-05-25",5,25,2012,146,"Breeding","Breeding"
"VGSW_NV009",-6.58874458794672,0.598283103787731,4.14504124309735,7.28358347484545,-10.2988921087198,6.51621075535145,"all","VGSW_NV009",41834,10.3592293349907,0.0537649001379747,0.149782473586078,0.803246163407754,0.0469713630061672,1,0,1,"VGSW","NV","Spring Mountains; Clark Canyon [36.20'N/115.43'W], Clark, NV","UWBM:60586","20231102_Plate_2/8a","20231102","Plate_2","8a","2001-07-06",7,6,2001,187,"Breeding","Breeding"
"VGSW_NV010",-8.52413922353654,2.86296761660737,3.21255953641481,11.5601234163718,-10.6402233529141,11.3512231693767,"all","VGSW_NV010",42957,23.9243196685057,0.0283639818144806,0.157762413576367,0.789882906161976,0.052354680261657,1,0,1,"VGSW","NV","Spring Mountains; Macks Canyon [36°21'N, 115°41'W], Clark, NV","UWBM:116626","20231102_Plate_2/8b","20231102","Plate_2","8b","2005-05-18",5,18,2005,138,"Breeding","Breeding"
"VGSW_NV011",-3.39058061948816,-1.84153458450076,4.72919805683735,4.22011075738446,-3.11300759722468,-0.0450481184858014,"all","VGSW_NV011",35619,5.17569274825234,0.194340774920269,0.113843735085207,0.845279204918723,0.0408770599960695,1,0,1,"VGSW","NV","Cabin Canyon Mesquite, Clark, NV","UWBM:80482","20231102_Plate_2/8c","20231102","Plate_2","8c","2012-05-25",5,25,2012,146,"Breeding","Breeding"
"VGSW_PI_BC007",22.5237226490862,-32.3559793306838,-13.03084975186,0.660025499341318,0.907509243655361,5.33567325532531,"all","VGSW_PI_BC007",42867,17.5848088273031,0.030399674289204,0.113700515548091,0.83486131523083,0.0514381692210792,1,0,1,"VGSW","PI","Pender Island, BC","272196948","20231102_Plate_2/5d","20231102","Plate_2","5d","2021-06-22",6,22,2021,173,"Breeding","Breeding"
"VGSW_PI_BC008_merged",16.8524941602326,-22.9662896307636,-8.32058867030866,-0.278772532339755,0.829434035146761,2.32118982088938,"all","VGSW_PI_BC008",40643,13.4916959870088,0.0807038972201488,0.0942105651649731,0.852914401003863,0.052875033831164,1,1,1,"VGSW","PI","Pender Island, BC","272196949","Merged","Merged","Merged","Merged","2021-06-22",6,22,2021,173,"Breeding","Breeding"
"VGSW_PI_BC009_merged",22.0128397461594,-31.2912263470245,-12.7193763542454,0.718340555300569,1.11539536863882,5.17201355057621,"all","VGSW_PI_BC009",42864,19.1567749160134,0.0304675307050282,0.114338372527062,0.835946248600224,0.0497153788727137,1,1,1,"VGSW","PI","Pender Island, BC","272196950","Merged","Merged","Merged","Merged","2021-06-22",6,22,2021,173,"Breeding","Breeding"
"VGSW_PI_BC010",37.3518398208163,16.2627344172997,2.82509530073518,-0.467546059263385,-0.041887994935058,0.815036250471337,"all","VGSW_PI_BC010",43041,23.0851978346228,0.0264640021714053,0.137705908319974,0.809507214051718,0.0527868776283079,1,0,1,"VGSW","PI","Pender Island, BC","272196951","20231102_Plate_2/5g","20231102","Plate_2","5g","2021-06-23",6,23,2021,174,"Breeding","Breeding"
"VGSW_PI_BC011",42.023892554002,18.9250657770088,3.04131762500818,-0.740844108782836,-0.0510595383497668,0.3596747105031,"all","VGSW_PI_BC011",43078,23.5086122846929,0.0256271063762412,0.143321416964576,0.799619295231905,0.0570592878035192,1,0,1,"VGSW","PI","Pender Island, BC","272196952","20231102_Plate_2/5h","20231102","Plate_2","5h","2021-06-25",6,25,2021,176,"Breeding","Breeding"
"VGSW_PI_BC012",42.0657056264346,18.8486484706204,3.23348523446374,-0.45376218946223,0.333043601067665,0.654312483286823,"all","VGSW_PI_BC012",42897,22.0069701843952,0.0297211101309629,0.142667319392965,0.799729584819451,0.0576030957875842,1,0,1,"VGSW","PI","Pender Island, BC","272196953","20231102_Plate_2/6a","20231102","Plate_2","6a","2021-06-25",6,25,2021,176,"Breeding","Breeding"
"VGSW_PI_BC013",19.109841713633,2.71690328103278,1.18847161155939,0.49622572099692,-0.758852633516466,-1.18902340726813,"all","VGSW_PI_BC013",41103,8.53078850692164,0.0702992467937844,0.102887867065664,0.855217380726468,0.041894752207868,1,0,1,"VGSW","PI","Pender Island, BC","272196954","20231102_Plate_2/6b","20231102","Plate_2","6b","2021-06-25",6,25,2021,176,"Breeding","Breeding"
"VGSW_SBC002_seq2",-3.63961356341211,-4.80417674856479,7.02779024657154,0.666382975032222,-0.275730619592017,-31.4481229409702,"all","VGSW_SBC002",42565,25.3271467167861,0.0372305534821651,0.104099612357571,0.843204510748267,0.0526958768941619,2,0,2,"VGSW","SBC","North Vancouver: 1995 E 1st, Lower Mainland,BC","VGSW_SBC002","20240711Plate_4/2e","20240711","Plate_4","2e","2021-07-08",7,8,2021,189,"Breeding","Breeding"
"VGSW_SBC003_seq2",-1.93677443169471,-2.31767208648724,3.7680767951221,0.696205672028136,0.281413589694804,-12.4784743301252,"all","VGSW_SBC003",26859,7.74064559365576,0.392481509126688,0.0553631929706988,0.881901783387319,0.0627350236419822,2,0,2,"VGSW","SBC","Langley: 9930 197 St. Lower Mainland, BC","VGSW_SBC003","20240711Plate_4/2f","20240711","Plate_4","2f","2021-06-14",6,14,2021,165,"Breeding","Breeding"
"VGSW_SBC004_seq2",-2.40129287780866,-3.74891085645857,4.88586842668318,0.939331138266286,0.560773999913556,-19.8113892087639,"all","VGSW_SBC004",30306,7.60384082359929,0.314514487344778,0.0612749950504851,0.87319342704415,0.0655315779053653,2,0,2,"VGSW","SBC","Brackendale : 4183 Hope Rd., Lower Mainland, BC","VGSW_SBC004","20240711Plate_4/2g","20240711","Plate_4","2g","2021-07-01",7,1,2021,182,"Breeding","Breeding"
"VGSW_SBC005_seq2",-1.27222336267359,-2.35883445277687,2.60896602014084,0.0101558487972618,0.429458055601414,-10.0566145995143,"all","VGSW_SBC005",18115,5.4189345845984,0.590260342448712,0.0415677615235992,0.887330941208943,0.0711012972674579,2,0,2,"VGSW","SBC","Brackendale : 4183 Hope Rd, Lower Mainland, BC","VGSW_SBC005","20240711Plate_4/2h","20240711","Plate_4","2h","2021-07-01",7,1,2021,182,"Breeding","Breeding"
"VGSW_SBC007_seq2",-3.52080199958866,-4.37415582499144,7.03573801796876,0.705246739637271,0.6546533850225,-27.9623233824709,"all","VGSW_SBC007",38010,9.44227834780321,0.140259211508448,0.0760852407261247,0.862983425414365,0.0609313338595107,2,0,2,"VGSW","SBC","Burnaby, Wildlife Rescue Association, Lower Mainland, BC","VGSW_SBC007","20240711Plate_4/3b","20240711","Plate_4","3b","2012-06-22",6,22,2012,174,"Breeding","Breeding"
"VGSW_WA007_seq2",-9.06101286339379,2.31993106652625,1.80951766148004,-2.79365003263723,21.0115628966848,5.882749897478,"all","VGSW_WA007",42243,21.0231991099117,0.0445138087806202,0.136874748479038,0.807329024927207,0.0557962265937552,2,0,2,"VGSW","WA","Electric City, Douglas, WA","UWBM:100142","20240711Plate_4/3g","20240711","Plate_4","3g","1993-03-30",3,30,1993,89,"Migrating","Migrating"
"VGSW_WA009_seq2",-8.02058470870522,0.669575616541486,6.92133196713393,-1.9486884553403,18.1599369056031,6.55515204194196,"all","VGSW_WA009",42991,45.2443302086483,0.0275949424351406,0.148030983229048,0.799934870089088,0.0520341466818636,2,0,2,"VGSW","WA","valley west of Blue Lake Oroville, Okanogan, WA","UWBM:124892","20240711Plate_4/3e","20240711","Plate_4","3e","1999-09-05",9,5,1999,248,"Migrating","Migrating"
"VGSW_WA010_seq2",-6.01885872502657,-0.0248905844629986,6.92608372217763,-3.32654834560686,20.1277688584046,3.94128823286202,"all","VGSW_WA010",41404,16.8480823108878,0.063490986406098,0.129069655105787,0.810114964737706,0.0608153801565066,2,0,2,"VGSW","WA","T16N R3E Sec. 19 Yelm, Thurston, WA","UWBM:84218","20240711Plate_4/3f","20240711","Plate_4","3f","2008-05-26",5,26,2008,147,"Breeding","Breeding"
"VGSW_WA011_seq2",-8.8342221709057,2.48059803920261,2.683395107628,-1.67527385096479,21.568355636288,8.75649317517921,"all","VGSW_WA011",42379,29.9562991104085,0.0414376512632603,0.143113334434508,0.80303924113358,0.053847424431912,2,0,2,"VGSW","WA","Skagit, WA","UWBM:100430","20240711Plate_4/3h","20240711","Plate_4","3h","2002-03-20",3,20,2002,79,"Migrating","Migrating"
"VGSW_WA012",-2.57532605106337,-0.152590704846323,0.32721236497285,-0.0745061209888866,3.18445032124902,-0.221264917976934,"all","VGSW_WA012",27633,3.16921796402852,0.374974553844066,0.0703506676799479,0.897948105526002,0.0317012267940506,1,0,1,"VGSW","WA","Skagit Wildlife Area, Skagit, WA","UWBM:119066","20231102_Plate_2/9g","20231102","Plate_2","9g","2002-03-20",3,20,2002,79,"Migrating","Migrating"
"VGSW_WA013",-3.40028489907419,-0.350964727788331,1.09241188746019,0.0678806517528631,4.26949071318092,0.239860045773165,"all","VGSW_WA013",31432,3.61736446933062,0.28904571260546,0.0840544667854416,0.879517688979384,0.0364278442351743,1,0,1,"VGSW","WA","Skagit, WA","UWBM:100519","20231102_Plate_2/9h","20231102","Plate_2","9h","2002-03-20",3,20,2002,79,"Migrating","Migrating"
"VGSW_WA014_merged",-5.74352956541572,-0.587073585301204,7.60390207860259,-0.774119107314205,16.4942164610813,1.44993192182154,"all","VGSW_WA014",41502,27.0399498819334,0.0612743434891769,0.137318683436943,0.809334489904101,0.0533468266589562,1,1,1,"VGSW","WA","Skagit, WA","UWBM:79861","Merged","Merged","Merged","Merged","2002-03-20",3,20,2002,79,"Migrating","Migrating"
"VGSW_WA015",-7.84562877171028,2.27402642296583,1.03479745373731,0.511136816026655,15.4575344207972,7.15781961595328,"all","VGSW_WA015",42483,13.8502930583998,0.0390852955146909,0.143327919403055,0.806251912529718,0.0504201680672269,1,0,1,"VGSW","WA","Port Orchard, Kitsap, WA","UWBM:104722","20231102_Plate_2/10b","20231102","Plate_2","10b","2004-05-09",5,9,2004,130,"Breeding","Breeding"
"VGSW_WA016",-5.18688552569709,0.364763847755485,0.765934653281856,0.467981206011143,7.11297483399835,1.99250809211168,"all","VGSW_WA016",36039,4.87893670745581,0.184840876704892,0.103970698410056,0.85413024778712,0.0418990538028247,1,0,1,"VGSW","WA","Barker Canyon at Banks Lake Electric City, Grant, WA","UWBM:104719","20231102_Plate_2/10c","20231102","Plate_2","10c","2016-05-30",5,30,2016,151,"Breeding","Breeding"
