ID,score.PC1,score.PC2,score.PC3,score.PC4,score.PC5,score.PC6,SNPs,ID.y,Nsnps.all,DP.all,NNA.all,Ho.all,f.hom.ref.all,f.hom.alt.all,Batch,Merged,Dup,Species,Region,Location,Band_no,Plate_ID,Sent,Plate,Well,date,Month,Day,Year,JD,Season,Season (TT),Nsnps.neutral,DP.neutral,NNA.neutral,Ho.neutral,f.hom.ref.neutral,f.hom.alt.neutral
ALFL_AB007_seq2,0.988344378,-1.96069064,-0.340280879,0.175796685,0.365361845,-0.226803374,all,ALFL_AB007,17763,3.933400889,0.621999489,0.041884817,0.852840173,0.10527501,2,0,2,ALFL,AB,"Fort McMurray, AB",2680-76242,20240711Plate_4/5h,20240711,Plate_4,5h,2014-06-10,6,10,2014,161,Breeding,Breeding,NA,NA,NA,NA,NA,NA
ALFL_AB009_seq2,2.137764556,0.472712841,0.564709474,0.703432623,0.307223165,-0.138904334,all,ALFL_AB009,16727,3.731033658,0.644045795,0.034614695,0.87337837,0.092006935,2,0,2,ALFL,AB,"Fort McMurray, AB",2680-76251,20240711Plate_4/6b,20240711,Plate_4,6b,2014-06-13,6,13,2014,164,Breeding,Breeding,NA,NA,NA,NA,NA,NA
ALFL_AB010_merged,1.01169604,-1.46174748,-0.044222942,0.454178216,-0.300243511,-0.934630082,all,ALFL_AB010,16150,3.624520124,0.656324481,0.03628483,0.86501548,0.09869969,1,1,1,ALFL,AB,"Fort McMurray, AB",2630-89301,Merged,Merged,Merged,Merged,NA,NA,NA,NA,NA,NA,Breeding,NA,NA,NA,NA,NA,NA
ALFL_AB011_seq2,7.123276062,1.76349875,-2.213457985,2.632464965,3.366863164,-1.23807769,all,ALFL_AB011,37654,6.29664843,0.198714675,0.086418442,0.828597227,0.084984331,2,0,1,ALFL,AB,"Fort McMurray, AB",2680-75703,20240711Plate_4/6e,20240711,Plate_4,6e,NA,NA,NA,NA,NA,NA,Breeding,NA,NA,NA,NA,NA,NA
ALFL_AB012_seq2,4.542945489,1.084489727,0.583832415,0.494229502,0.121270829,-2.267355594,all,ALFL_AB012,30574,5.043926212,0.349378618,0.066428992,0.841499313,0.092071695,2,0,1,ALFL,AB,"Fort McMurray, AB",2630-89292,20240711Plate_4/6f,20240711,Plate_4,6f,NA,NA,NA,NA,NA,NA,Breeding,NA,NA,NA,NA,NA,NA
ALFL_AB013_seq2,3.041329266,-0.4829481,-0.137791265,0.894690133,0.48323985,-1.923000382,all,ALFL_AB013,24617,4.363001178,0.476144876,0.048990535,0.852825283,0.098184182,2,0,1,ALFL,AB,"Fort McMurray, AB",2670-63154,20240711Plate_4/6g,20240711,Plate_4,6g,NA,NA,NA,NA,NA,NA,Breeding,NA,NA,NA,NA,NA,NA
ALFL_AB014_seq2,2.159875583,0.433077026,0.117191948,0.423859421,0.362376729,-0.484507896,all,ALFL_AB014,16987,3.854830164,0.638512938,0.037322659,0.86713369,0.095543651,2,0,1,ALFL,AB,"Fort McMurray, AB",2680-75768,20240711Plate_4/6h,20240711,Plate_4,6h,NA,NA,NA,NA,NA,NA,Breeding,NA,NA,NA,NA,NA,NA
ALFL_AB016_seq2,1.643712554,0.448154204,0.160066075,1.144797111,0.426077925,0.418881126,all,ALFL_AB016,14730,3.715953836,0.68654239,0.031025119,0.873930754,0.095044128,2,0,1,ALFL,AB,"Fort McMurray, AB",2690-73412,20240711Plate_4/7b,20240711,Plate_4,7b,NA,NA,NA,NA,NA,NA,Breeding,NA,NA,NA,NA,NA,NA
ALFL_NL001,-27.94513968,-78.13683635,0.111533385,-0.3054568,-0.364954733,0.36402628,all,ALFL_NL001,41947,191.7356664,0.107358699,0.03642692,0.76034043,0.203232651,1,0,1,ALFL,NL,"Passadena, NL",alfl 1,20231102_Plate_2/12f,20231102,Plate_2,12f,2007-06-24,6,24,2007,175,Breeding,Breeding,NA,NA,NA,NA,NA,NA
ALFL_GU001_seq2,-46.99964735,21.11213367,0.409294828,1.254877248,0.011285655,-0.288185934,all,ALFL_GU001,33701,7.69407436,0.282835376,0.060532328,0.789175395,0.150292276,2,0,1,ALFL,GU,"San Felipe Retalhuleu, 5 km S; Finca El Nino [14°36.0'N/91°36.7'W], Departamento de Retalhuleu, Guatemala",UWBM:104175,20240711Plate_4/8a,20240711,Plate_4,8a,2002-01-10,1,10,2002,10,Wintering,Migrating,NA,NA,NA,NA,NA,NA
ALFL_GU002_seq2,-4.900940415,2.196689845,-0.221778659,0.064021281,-0.024899213,-0.145362266,all,ALFL_GU002,5456,3.752565982,0.883895131,0.01851173,0.83101173,0.15047654,2,0,1,ALFL,GU,"Departa, Guatemala",UWBM:104164,20240711Plate_4/8b,20240711,Plate_4,8b,2002-01-10,1,10,2002,10,Wintering,Migrating,NA,NA,NA,NA,NA,NA
ALFL_HO001_seq2,9.40976397,2.370435686,2.456028759,-11.23403398,2.026314587,-2.503182156,all,ALFL_HO001,46010,89.85179309,0.020897174,0.159726146,0.780134753,0.0601391,2,0,1,ALFL,HO,"Copán Ruinas, 10 km ENE [14°52' N 89°03'W], Departamento de Copán, Honduras",UWBM:109485,20240711Plate_4/7h,20240711,Plate_4,7h,2000-04-27,4,27,2000,118,Migrating,Migrating,NA,NA,NA,NA,NA,NA
ALFL_LA002,10.27603284,2.157666405,6.332289011,-13.83982591,-3.372232758,-3.808484372,all,ALFL_LA002,46156,38.13213883,0.017790262,0.163142387,0.778901985,0.057955629,1,0,1,ALFL,LA,"4 mi W of old mouth Mermentau River, Cameron, LA",UWBM:96518,20231102_Plate_2/12b,20231102,Plate_2,12b,1999-09-29,9,29,1999,272,Migrating,Migrating,NA,NA,NA,NA,NA,NA
ALFL_LA003_seq2,9.443174164,2.804071507,1.003158499,-13.38353399,5.315463207,24.52439772,all,ALFL_LA003,46062,35.43404542,0.019790603,0.16275889,0.774282489,0.062958621,2,0,2,ALFL,LA,"St. Gabriel, 4 mi N, Iberville, LA",UWBM:116272,20240711Plate_4/11e,20240711,Plate_4,11e,2000-09-19,9,19,2000,263,Migrating,Migrating,NA,NA,NA,NA,NA,NA
ALFL_LA004,9.652666862,1.592554056,0.64116908,-12.22768639,7.452840761,14.69410828,all,ALFL_LA004,45881,26.63921885,0.023642322,0.163466359,0.777053682,0.059479959,1,0,1,ALFL,LA,"St. Gabriel, 4 mi N, Iberville, LA",UWBM:116273,20231102_Plate_2/12e,20231102,Plate_2,12e,2000-09-19,9,19,2000,263,Migrating,Migrating,NA,NA,NA,NA,NA,NA
ALFL_MT_Tal_01_seq2,-60.93790531,23.47135414,-0.199002284,-2.354818854,-1.208470323,0.969768995,all,ALFL_MT_Tal_01,45358,40.45039464,0.034771876,0.131795935,0.739450593,0.128753472,2,0,2,ALFL,MT,"Tally Lake CG, MT",ALFL01/NWMT26,20240711Plate_4/5a,20240711,Plate_4,5a,30-May-18,NA,NA,NA,NA,NA,Migrating,NA,NA,NA,NA,NA,NA
ALFL_NBC001,1.258444554,0.260339542,-0.016144655,0.063900991,0.609394441,0.04173941,all,ALFL_NBC001,9885,2.365604451,0.789645046,0.032068791,0.901871523,0.066059686,1,0,1,ALFL,NBC,"Mackenzie (MNO), BC",2440-67156,20231102_Plate_3/7e,20231102,Plate_3,7e,2007-08-04,8,4,2007,216,Migrating,Migrating,NA,NA,NA,NA,NA,NA
ALFL_NBC002,8.757752476,2.432410067,2.758159479,-6.648398797,6.069572101,11.60912458,all,ALFL_NBC002,44566,10.70291253,0.051625809,0.139343894,0.795786025,0.06487008,1,0,1,ALFL,NBC,"Mackenzie (MNO), BC",2440-67208,20231102_Plate_3/7f,20231102,Plate_3,7f,2007-08-05,8,5,2007,217,Migrating,Migrating,NA,NA,NA,NA,NA,NA
ALFL_NBC003,2.042124144,0.524796511,0.458833037,0.29644053,0.557622773,-0.46590902,all,ALFL_NBC003,16613,2.636429302,0.64647174,0.035153193,0.899536508,0.065310299,1,0,1,ALFL,NBC,"Mackenzie (MNO), BC",2440-67314,20231102_Plate_3/7g,20231102,Plate_3,7g,2007-08-10,8,10,2007,222,Migrating,Migrating,NA,NA,NA,NA,NA,NA
ALFL_NBC004,8.614060524,1.96660791,1.028858335,-6.869541169,12.40286991,5.726821718,all,ALFL_NBC004,44802,11.10010714,0.046603677,0.144301594,0.792263738,0.063434668,1,0,1,ALFL,NBC,"Mackenzie (MNO), BC",2440-67329,20231102_Plate_3/7h,20231102,Plate_3,7h,2007-08-11,8,11,2007,223,Migrating,Migrating,NA,NA,NA,NA,NA,NA
ALFL_NBC005,1.995430225,0.637473436,-0.042322148,0.474210453,0.638067248,-0.315597708,all,ALFL_NBC005,15234,2.614677695,0.67581716,0.034921885,0.899960614,0.0651175,1,0,1,ALFL,NBC,"Mackenzie (MNO), BC",2440-67333,20231102_Plate_3/8a,20231102,Plate_3,8a,2007-08-11,8,11,2007,223,Migrating,Migrating,NA,NA,NA,NA,NA,NA
ALFL_NBC006,9.373705005,1.917009589,-5.81571732,-8.191811152,-4.269681647,8.096406329,all,ALFL_NBC006,45636,17.9310632,0.028855975,0.153168551,0.781532124,0.065299325,1,0,1,ALFL,NBC,"Mackenzie (MNO), BC",2440-67389,20231102_Plate_3/8b,20231102,Plate_3,8b,2007-08-13,8,13,2007,225,Migrating,Migrating,NA,NA,NA,NA,NA,NA
ALFL_NBC007,1.123468417,0.280274481,-0.037656599,0.28333624,0.211024814,-0.357470739,all,ALFL_NBC007,9454,2.394859319,0.79881682,0.030886397,0.900888513,0.06822509,1,0,1,ALFL,NBC,"Mackenzie (MNO), BC",2440-67398,20231102_Plate_3/8c,20231102,Plate_3,8c,2007-08-14,8,14,2007,226,Migrating,Migrating,NA,NA,NA,NA,NA,NA
ALFL_NBC008,1.95727993,0.568847606,0.465745082,0.525454249,0.734837485,0.125465089,all,ALFL_NBC008,14971,2.569501035,0.681413858,0.036069735,0.898737559,0.065192706,1,0,1,ALFL,NBC,"Mackenzie (MNO), BC",2440-37415,20231102_Plate_3/8d,20231102,Plate_3,8d,2007-08-15,8,15,2007,227,Migrating,Migrating,NA,NA,NA,NA,NA,NA
ALFL_NBC009_seq2,1.570937756,0.220548626,-0.050986727,0.241770929,0.352526675,-0.188189736,all,ALFL_NBC009,13675,3.30464351,0.70899302,0.034734918,0.878244973,0.08702011,2,0,2,ALFL,NBC,"Mackenzie (MNO), BC",2440-67420,20240711Plate_4/5c,20240711,Plate_4,5c,2007-08-15,8,15,2007,227,Migrating,Migrating,NA,NA,NA,NA,NA,NA
ALFL_NBC010,1.189470251,0.398425,0.081295063,0.294419826,0.277453726,-0.186960818,all,ALFL_NBC010,10426,2.411087665,0.778132448,0.026472281,0.904661423,0.068866296,1,0,1,ALFL,NBC,"Mackenzie (MNO), BC",2440-67446,20231102_Plate_3/8f,20231102,Plate_3,8f,2007-08-16,8,16,2007,228,Migrating,Migrating,NA,NA,NA,NA,NA,NA
ALFL_NBC021_seq2,0.538216758,0.287261963,0.202564111,0.138951406,0.261279646,-0.231397734,all,ALFL_NBC021,5608,3.118758916,0.880660538,0.019614836,0.895863053,0.084522111,2,0,1,ALFL,NBC,"Mackenzie (MNO), BC",2440-67524,20240711Plate_4/9d,20240711,Plate_4,9d,2007-08-20,8,20,2007,232,Migrating,Migrating,NA,NA,NA,NA,NA,NA
ALFL_SK009,-2.929574846,1.127080561,0.027199716,0.183494449,0.183045962,0.021450453,all,ALFL_SK009,5877,1.685383699,0.874936159,0.028415858,0.887357495,0.084226646,1,0,1,ALFL,SK,South Saskatchewan River,RSKM_BIRD_A-4387,20231102_Plate_2/11e,20231102,Plate_2,11e,1961-06-09,6,9,1961,160,Breeding,Breeding,NA,NA,NA,NA,NA,NA
ALFL_SK014_seq2,3.007387051,0.850065522,0.648630116,0.88348739,1.393708257,-0.798758474,all,ALFL_SK014,22255,4.35461694,0.52640875,0.044619187,0.862323073,0.09305774,2,0,1,ALFL,SK,"Beaver Creek, SK",2550-66389,20240711Plate_4/7f,20240711,Plate_4,7f,2022-05-25,5,25,2022,145,Migrating,Breeding,NA,NA,NA,NA,NA,NA
ALFL_SK019_seq2,1.040627255,0.22839752,0.005553814,0.618249317,0.348430242,-0.152007905,all,ALFL_SK019,8586,3.27929187,0.817288049,0.02189611,0.886559515,0.091544375,2,0,1,ALFL,SK,"PA-05 WL, SK",2060-41572,20240711Plate_4/7d,20240711,Plate_4,7d,2022-06-13,6,13,2022,164,Breeding,Breeding,NA,NA,NA,NA,NA,NA
ALFL_SK021_seq2,8.834051531,2.677882877,13.85974373,43.66466713,28.85499436,-6.369604074,all,ALFL_SK021,42343,10.11687882,0.098931733,0.111045509,0.807524266,0.081430225,2,0,1,ALFL,SK,"PA-05 WL, SK",2060-41577,20240711Plate_4/7e,20240711,Plate_4,7e,2022-06-13,6,13,2022,164,Breeding,Breeding,NA,NA,NA,NA,NA,NA
ALFL_SK025_seq2,9.162686798,2.305581292,2.504796253,-16.51211633,-2.41851443,-48.70277221,all,ALFL_SK025,45398,16.91453368,0.033920667,0.143156086,0.788713159,0.068130755,2,0,1,ALFL,SK,"PA-14 WL, SK, Shady lake",2500-29843,20240711Plate_4/9e,20240711,Plate_4,9e,2022-06-27,6,27,2022,178,Breeding,Breeding,NA,NA,NA,NA,NA,NA
ALFL_SK026_seq2,9.510018483,2.190658056,26.70220198,17.44657484,-46.60682069,6.309527964,all,ALFL_SK026,45402,16.86720849,0.033835546,0.143672085,0.785626184,0.070701731,2,0,1,ALFL,SK,"PA-14 WL, SK",2500-29844,20240711Plate_4/9f,20240711,Plate_4,9f,2022-06-27,6,27,2022,178,Breeding,Breeding,NA,NA,NA,NA,NA,NA
ALFL_SK027_seq2,8.94196313,2.237193477,-51.88179767,17.58130112,-15.5769226,-0.892840314,all,ALFL_SK027,44073,13.32897692,0.062116956,0.131690604,0.790869693,0.077439702,2,0,1,ALFL,SK,"PA-03 WL, SK @ Spruce River",2500-29846,20240711Plate_4/7c,20240711,Plate_4,7c,2022-06-30,6,30,2022,181,Breeding,Breeding,NA,NA,NA,NA,NA,NA
ALFL_YT007,1.914180938,0.60073049,0.120157644,0.231242482,0.558612808,0.068266334,all,ALFL_YT_007,15727,2.713804286,0.665326013,0.043873593,0.893304508,0.062821899,1,0,1,ALFL,YT,"Albert Creek (ACBO), YT",2490-46195,20231102_Plate3/6c,20231102,Plate_3,6c,2007-08-11,8,11,2007,223,Migrating,Migrating,NA,NA,NA,NA,NA,NA
ALFL_YT012_seq2,1.45082061,0.423800194,-0.241852697,0.397374837,0.450981736,-0.34998146,all,ALFL_YT_012,12809,3.416504021,0.727421689,0.033023655,0.873136076,0.093840269,2,0,1,ALFL,YT,"Albert Creek (ACBO), YT",2490-46205,20240711Plate_4/8d,20240711,Plate_4,8d,2007-08-11,8,11,2007,223,Migrating,Migrating,NA,NA,NA,NA,NA,NA
CLSW_AZ001_seq2,2.969952545,-4.857948636,-1.601681486,-5.867529947,1.755921509,0.928420644,all,CLSW_AZ001,21835,25.89567209,0.005057869,0.090038928,0.900206091,0.009754981,2,0,2,CLSW,AZ,"Imperial Dam, Mittry Lake Wildlife Area, Yuma, AZ",UWBM:101799,20240711Plate_3/8f,20240711,Plate_3,8f,2006-03-16,3,16,2006,75,Wintering,Migrating,NA,NA,NA,NA,NA,NA
CLSW_AZ002_seq2,4.422260869,-4.463338184,-1.462713713,-6.597173227,-1.296481377,0.027928066,all,CLSW_AZ002,21730,17.98711459,0.00984234,0.08490566,0.902439024,0.012655315,2,0,2,CLSW,AZ,"Imperial Dam, Mittry Lake Wildlife Area, Yuma, AZ",UWBM:109344,20240711Plate_3/8g,20240711,Plate_3,8g,2006-03-16,3,16,2006,75,Wintering,Migrating,NA,NA,NA,NA,NA,NA
CLSW_AZ003_seq2,-0.524018354,-4.314558039,1.142917735,-2.822365497,0.94768369,-5.552382786,all,CLSW_AZ003,21010,9.149547834,0.042650141,0.070680628,0.913707758,0.015611614,2,0,2,CLSW,AZ,"Imperial Dam, Mittry Lake Wildlife Area, Yuma, AZ",UWBM:109341,20240711Plate_3/8h,20240711,Plate_3,8h,2006-03-16,3,16,2006,75,Wintering,Migrating,NA,NA,NA,NA,NA,NA
CLSW_AZ004_seq2,2.933630533,-5.099913105,-0.400472481,-3.591662857,0.268740037,0.820876254,all,CLSW_AZ004,21829,39.18484585,0.005331268,0.08955976,0.900682578,0.009757662,2,0,2,CLSW,AZ,"Imperial Dam, Mittry Lake Wildlife Area, Yuma, AZ",UWBM:109343,20240711Plate_3/9a,20240711,Plate_3,9a,2006-03-16,3,16,2006,75,Wintering,Migrating,NA,NA,NA,NA,NA,NA
CLSW_AZ005_seq2,1.193544832,-2.08740158,-1.329043323,-0.808972304,-3.39418209,5.434968548,all,CLSW_AZ005,21822,23.61575474,0.005650232,0.084960132,0.902712859,0.012327009,2,0,2,CLSW,AZ,"Imperial Dam, Mittry Lake Wildlife Area, Yuma, AZ",UWBM:109339,20240711Plate_3/9b,20240711,Plate_3,9b,2006-03-15,3,15,2006,74,Wintering,Migrating,NA,NA,NA,NA,NA,NA
CLSW_BC_Smc_08,-0.599939422,1.108841872,0.683253428,0.451861438,0.44707451,-1.032384702,all,CLSW_BC_Smc_08,7075,3.033639576,0.677617789,0.034204947,0.926501767,0.039293286,1,0,1,CLSW,BC,"Smart Creek, BC",1561-31927,20210222_Plate_1/1h,20210222,Plate_1,1h,2016-06-22,6,22,2016,174,Breeding,Breeding,NA,NA,NA,NA,NA,NA
CLSW_BC_Smc_09,-0.356399482,0.42774771,0.348719918,0.184300903,0.346854594,-0.658369803,all,CLSW_BC_Smc_09,7773,2.503409237,0.645812449,0.025601441,0.958703203,0.015695356,1,0,1,CLSW,BC,"Smart Creek, BC",1561-31928,20210222_Plate_1/2a,20210222,Plate_1,2a,NA,NA,NA,NA,NA,NA,Breeding,NA,NA,NA,NA,NA,NA
CLSW_BC_Smc_11_seq2,0.196470082,0.182549347,0.660253542,0.286670683,5.049902514,-3.051014818,all,CLSW_BC_Smc_11,21094,7.663032142,0.038822564,0.068455485,0.917701716,0.013842799,2,0,1,CLSW,BC,"Smart Creek, BC",163261,20240711Plate_3/11b,20240711,Plate_3,11b,2016-06-11,6,11,2016,163,Breeding,Breeding,NA,NA,NA,NA,NA,NA
CLSW_BC_Smc_12_seq2,1.557906164,0.505710893,1.077380308,3.078363396,-0.374440802,-2.061616571,all,CLSW_BC_Smc_12,21714,13.89730128,0.010571403,0.080501059,0.908354057,0.011144883,2,0,1,CLSW,BC,"Smart Creek, BC",163259,20240711Plate_3/11c,20240711,Plate_3,11c,2016-06-11,6,11,2016,163,Breeding,Breeding,NA,NA,NA,NA,NA,NA
CLSW_BC_Smc_13_seq2,-0.642493495,1.885755097,0.619418225,1.632350737,1.46064778,-1.572270711,all,CLSW_BC_Smc_13,21452,9.137935857,0.022509797,0.071648331,0.916045124,0.012306545,2,0,1,CLSW,BC,"Smart Creek, BC",163265,20240711Plate_3/11d,20240711,Plate_3,11d,2016-06-11,6,11,2016,163,Breeding,Breeding,NA,NA,NA,NA,NA,NA
CLSW_CO001_seq2,0.887259105,0.317597481,-0.255086909,1.818058337,-1.728011367,-0.908490728,all,CLSW_CO001,21818,24.91763681,0.005832498,0.085938216,0.905170043,0.008891741,2,0,2,CLSW,CO,"Denver, Denver International Airport, KR @D8",DMNS:Bird:53057,20240711Plate_3/9h,20240711,Plate_3,9h,2000-07-04,7,4,2000,186,Breeding,Breeding,NA,NA,NA,NA,NA,NA
CLSW_CO002_seq2,-1.118348569,1.383901351,0.611267913,1.04105441,0.850021957,-1.586261991,all,CLSW_CO002,17612,4.686293436,0.197484735,0.041278674,0.943277311,0.015444015,2,0,2,CLSW,CO,"Denver, Denver International Airport,16R@D9",DMNS:Bird:53058,20240711Plate_3/10a,20240711,Plate_3,10a,2018-07-06,7,6,2018,187,Breeding,Breeding,NA,NA,NA,NA,NA,NA
CLSW_CO004_seq2,-0.280589095,0.379931139,0.442981296,0.233009843,0.323946171,-0.686607167,all,CLSW_CO004,10946,3.178055911,0.501230293,0.023296181,0.964553261,0.012150557,2,0,2,CLSW,CO,"Denver, Denver International Airport, 16R@D3 East shoulder",DMNS:Bird:53060,20240711Plate_3/10c,20240711,Plate_3,10c,2000-07-09,7,9,2000,191,Breeding,Breeding,NA,NA,NA,NA,NA,NA
CLSW_CO005_seq2,-1.162602185,1.44832873,0.614773934,0.84130576,0.963033164,-2.519787417,all,CLSW_CO005,18472,4.80061715,0.15829764,0.043362928,0.941424859,0.015212213,2,0,2,CLSW,CO,"Denver, Denver International Airport, 16L@F10 East Shoulder",DMNS:Bird:53061,20240711Plate_3/10d,20240711,Plate_3,10d,2000-07-09,7,9,2000,191,Breeding,Breeding,NA,NA,NA,NA,NA,NA
CLSW_CO006_seq2,-0.314172317,0.802961447,1.114129064,2.410726129,2.319543974,-2.685719629,all,CLSW_CO006,20789,7.09389581,0.052720313,0.062244456,0.923036221,0.014719323,2,0,2,CLSW,CO,"Denver, Denver International Airport,16R/34L@WD",DMNS:Bird:53062,20240711Plate_3/10e,20240711,Plate_3,10e,2018-07-15,7,15,2018,196,Breeding,Breeding,NA,NA,NA,NA,NA,NA
CLSW_CO007_seq2,-0.16503422,0.546429374,0.521580322,0.264248577,0.23890475,-0.548367132,all,CLSW_CO007,8012,2.588741887,0.634922081,0.02333999,0.963305042,0.013354968,2,0,2,CLSW,CO,"Denver, Denver International Airport,34R@F3",DMNS:Bird:53063,20240711Plate_3/10f,20240711,Plate_3,10f,2017-07-01,7,1,2017,182,Breeding,Breeding,NA,NA,NA,NA,NA,NA
CLSW_CO008_seq2,-0.345465381,1.275218788,0.788742331,0.952877433,0.829593907,-0.806286296,all,CLSW_CO008,16982,4.213814627,0.226191561,0.046225415,0.941055235,0.01271935,2,0,2,CLSW,CO,"Denver, Denver International Airport",DMNS:Bird:53064,20240711Plate_3/10g,20240711,Plate_3,10g,2018-07-17,7,17,2018,198,Breeding,Breeding,NA,NA,NA,NA,NA,NA
CLSW_CO009_seq2,-0.597623444,0.681277737,0.3535153,0.465416579,0.538948115,-0.472119756,all,CLSW_CO009,14781,3.772478181,0.326483186,0.036668696,0.948312022,0.015019282,2,0,2,CLSW,CO,"Denver, Denver International Airport",DMNS:Bird:53065,20240711Plate_3/10h,20240711,Plate_3,10h,2018-07-25,7,25,2018,206,Breeding,Breeding,NA,NA,NA,NA,NA,NA
CLSW_MB017_seq2,-2.342915337,3.035023779,0.900511988,3.091939164,2.232919307,-3.259088451,all,CLSW_MB017,19124,7.038433382,0.128588353,0.047897929,0.929617235,0.022484836,2,0,1,CLSW,MB,"Delta Marsh Bird Observatory (DMBO), MB",15009,20240711Plate_4/1c,20240711,Plate_4,1c,NA,NA,NA,NA,NA,NA,Breeding,NA,NA,NA,NA,NA,NA
CLSW_MB018_seq2,-18.03219706,-3.881619022,-2.142474575,-2.580552188,-1.60651169,0.813599375,all,CLSW_MB018,20525,9.849257004,0.064749841,0.06226553,0.915858709,0.021875761,2,0,1,CLSW,MB,"Delta Marsh Bird Observatory (DMBO), MB",15010,20240711Plate_4/1d,20240711,Plate_4,1d,NA,NA,NA,NA,NA,NA,Breeding,NA,NA,NA,NA,NA,NA
CLSW_MB019_seq2,0.129117406,1.740593454,-9.44786715,0.459155886,18.57036682,12.01451339,all,CLSW_MB019,21585,16.10071809,0.016449467,0.076534631,0.90711142,0.01635395,2,0,1,CLSW,MB,"Delta Marsh Bird Observatory (DMBO), MB",15019,20240711Plate_4/1e,20240711,Plate_4,1e,NA,NA,NA,NA,NA,NA,Breeding,NA,NA,NA,NA,NA,NA
CLSW_MB020_seq2,0.856762934,7.489169544,-21.4849611,-0.358014821,-6.536345257,-6.220377556,all,CLSW_MB020,21536,16.21401374,0.01868222,0.077405275,0.905692793,0.016901932,2,0,1,CLSW,MB,"Delta Marsh Bird Observatory (DMBO), MB",15020,20240711Plate_4/1f,20240711,Plate_4,1f,NA,NA,NA,NA,NA,NA,Breeding,NA,NA,NA,NA,NA,NA
CLSW_MB021_seq2,-16.77292835,-5.317429052,-0.423020789,-2.510099319,-4.003773973,6.109866081,all,CLSW_MB021,20903,11.18365785,0.047525745,0.069128833,0.911448117,0.019423049,2,0,1,CLSW,MB,"Delta Marsh Bird Observatory (DMBO), MB",15022,20240711Plate_4/1g,20240711,Plate_4,1g,NA,NA,NA,NA,NA,NA,Breeding,NA,NA,NA,NA,NA,NA
CLSW_MB022_seq2,-0.147751086,0.09805946,0.778053472,-1.657753057,-4.316926665,-1.815741284,all,CLSW_MB022,21661,18.13240386,0.012986421,0.080790361,0.90596002,0.013249619,2,0,1,CLSW,MB,"Delta Marsh Bird Observatory (DMBO), MB",15021,20240711Plate_4/1h,20240711,Plate_4,1h,NA,NA,NA,NA,NA,NA,Breeding,NA,NA,NA,NA,NA,NA
CLSW_MS011_seq2,0.026431889,1.526593654,1.038132013,0.198481565,0.981893318,-1.915133962,all,CLSW_MS011,19072,4.424916107,0.130957806,0.04724203,0.936870805,0.015887164,2,0,1,CLSW,MS,Mississippi,132015,20240711Plate_3/12g,20240711,Plate_3,12g,NA,NA,NA,NA,NA,NA,Breeding,NA,NA,NA,NA,NA,NA
CLSW_MS012_seq2,-0.386339219,2.396936985,2.256317143,1.01402723,2.153244296,-1.4939548,all,CLSW_MS012,18492,4.332684404,0.157386312,0.04856154,0.936134545,0.015303915,2,0,1,CLSW,MS,Mississippi,132016,20240711Plate_3/12h,20240711,Plate_3,12h,NA,NA,NA,NA,NA,NA,Breeding,NA,NA,NA,NA,NA,NA
CLSW_MS013_seq2,-0.694639971,0.857263748,5.478708508,0.917171115,3.88515965,-3.137273403,all,CLSW_MS013,18654,6.903184304,0.150004557,0.045405811,0.930738716,0.023855473,2,0,1,CLSW,MS,Mississippi,132017,20240711Plate_4/1a,20240711,Plate_4,1a,NA,NA,NA,NA,NA,NA,Breeding,NA,NA,NA,NA,NA,NA
CLSW_MS014_seq2,1.358069423,0.219708904,3.444031819,-0.432042245,0.433037667,0.016284569,all,CLSW_MS014,21845,42.87727169,0.004602205,0.088349737,0.902128634,0.00952163,2,0,1,CLSW,MS,Mississippi,132018,20240711Plate_4/1b,20240711,Plate_4,1b,NA,NA,NA,NA,NA,NA,Breeding,NA,NA,NA,NA,NA,NA
CLSW_MX001_seq2,1.238838606,-2.705171883,-0.757953099,-0.068635301,-4.199555747,0.56047991,all,CLSW_MX001,21835,49.77966567,0.005057869,0.092512022,0.898511564,0.008976414,2,0,2,CLSW,MX,"Tehueco El Fuerte, Municipio El Fuerte, Sinaloa, Mexico",UWBM:82510,20240711Plate_3/9c,20240711,Plate_3,9c,2006-08-06,8,6,2006,218,Migrating,Migrating,NA,NA,NA,NA,NA,NA
CLSW_MX002_seq2,3.499096511,-2.343911745,-0.96687494,-0.059114974,-5.495353491,1.91985293,all,CLSW_MX002,21814,29.74864766,0.006014764,0.087971028,0.902127074,0.009901898,2,0,2,CLSW,MX,"Tehueco El Fuerte, Municipio El Fuerte, Sinaloa, Mexico",UWBM:82511,20240711Plate_3/9d,20240711,Plate_3,9d,2006-08-06,8,6,2006,218,Migrating,Migrating,NA,NA,NA,NA,NA,NA
CLSW_MX003_seq2,4.423824837,-6.009731169,-0.912172577,-7.031755284,3.095658658,-3.085715247,all,CLSW_MX003,21762,18.96787979,0.008384216,0.086481022,0.902031063,0.011487915,2,0,2,CLSW,MX,"Puente Dren Carrenza on route 15 El Carrizo, Municipio Ahome, Sinaloa, Mexico",UWBM:90855,20240711Plate_3/9e,20240711,Plate_3,9e,2011-06-09,6,9,2011,160,Breeding,Breeding,NA,NA,NA,NA,NA,NA
CLSW_MX004_seq2,3.018327772,-8.751280845,-1.171179724,-6.928989984,0.736954161,-1.910929306,all,CLSW_MX004,21794,24.60750665,0.006926091,0.085115169,0.902679637,0.012205194,2,0,2,CLSW,MX,"Puente Dren Carrenza on route 15 El Carrizo, Municipio Ahome, Sinaloa, Mexico",UWBM:90751,20240711Plate_3/9f,20240711,Plate_3,9f,2011-06-09,6,9,2011,160,Breeding,Breeding,NA,NA,NA,NA,NA,NA
CLSW_MX005_seq2,2.971565878,-5.70495392,0.925531369,-6.54969985,1.435894366,-3.234492356,all,CLSW_MX005,21823,35.60197956,0.005604666,0.087201576,0.902579847,0.010218577,2,0,2,CLSW,MX,"Sinaloa, Mexico",UWBM:90752,20240711Plate_3/9g,20240711,Plate_3,9g,2011-06-09,6,9,2011,160,Breeding,Breeding,NA,NA,NA,NA,NA,NA
CLSW_ON014_seq2,-0.732694691,2.222304132,0.825730929,-0.368028193,0.672995773,-0.855898194,all,CLSW_ON014,14380,2.91286509,0.344755308,0.035187761,0.950486787,0.014325452,2,0,1,CLSW,ON,Ontario,2221-99481,20240711Plate_3/11h,20240711,Plate_3,11h,NA,NA,NA,NA,NA,NA,Breeding,NA,NA,NA,NA,NA,NA
CLSW_ON015_seq2,0.11781125,8.904036178,3.625655854,-8.690996302,-1.24499527,6.592671352,all,CLSW_ON015,21617,11.10889578,0.014991342,0.079752047,0.907202665,0.013045288,2,0,1,CLSW,ON,Ontario,2221-99482,20240711Plate_3/12a,20240711,Plate_3,12a,NA,NA,NA,NA,NA,NA,Breeding,NA,NA,NA,NA,NA,NA
CLSW_ON016_seq2,2.598826416,12.69388736,3.09184922,-10.55614405,-5.330596001,6.597400125,all,CLSW_ON016,21815,31.00540912,0.005969197,0.088562915,0.89947284,0.011964245,2,0,1,CLSW,ON,Ontario,2221-99483,20240711Plate_3/12b,20240711,Plate_3,12b,NA,NA,NA,NA,NA,NA,Breeding,NA,NA,NA,NA,NA,NA
CLSW_ON017_seq2,-0.892673412,3.171746097,1.375805704,-0.720908669,0.317504448,-0.542710049,all,CLSW_ON017,16327,3.357260979,0.256037547,0.044466222,0.943467875,0.012065903,2,0,1,CLSW,ON,Ontario,2211-99486,20240711Plate_3/12c,20240711,Plate_3,12c,NA,NA,NA,NA,NA,NA,Breeding,NA,NA,NA,NA,NA,NA
CLSW_ON018_seq2,-0.994874207,2.622103488,1.140604975,-0.213379679,0.17869321,-1.061313553,all,CLSW_ON018,15833,3.412113939,0.278547343,0.03663235,0.947830481,0.015537169,2,0,1,CLSW,ON,Ontario,2221-99487,20240711Plate_3/12d,20240711,Plate_3,12d,NA,NA,NA,NA,NA,NA,Breeding,NA,NA,NA,NA,NA,NA
CLSW_ON019_seq2,-0.849642969,3.214080396,1.220890799,-0.372491605,1.316789498,-0.97090767,all,CLSW_ON019,16618,3.497231917,0.242777727,0.040197376,0.944638344,0.01516428,2,0,1,CLSW,ON,Ontario,2221-99506,20240711Plate_3/12e,20240711,Plate_3,12e,NA,NA,NA,NA,NA,NA,Breeding,NA,NA,NA,NA,NA,NA
CLSW_ON020_seq2,-0.653391699,3.593343954,2.238605046,-0.921005696,1.595586067,-0.580829748,all,CLSW_ON020,18184,4.159810823,0.17142076,0.043884734,0.939617246,0.01649802,2,0,1,CLSW,ON,Ontario,2221-99712,20240711Plate_3/12f,20240711,Plate_3,12f,NA,NA,NA,NA,NA,NA,Breeding,NA,NA,NA,NA,NA,NA
CLSW_SK002_seq2,-1.082456075,2.420554468,0.901309605,2.086497435,1.071293848,-4.394531734,all,CLSW_SK002,20802,7.488751082,0.05212795,0.062157485,0.922459379,0.015383136,2,0,2,CLSW,SK,"Saskatoon, SK",1561-25398,20240711Plate_3/7g,20240711,Plate_3,7g,2010-07-01,7,1,2010,182,Breeding,Breeding,NA,NA,NA,NA,NA,NA
CLSW_SK003_seq2,-1.10241361,0.547204489,1.520954222,4.037427405,-0.754736056,-2.194934892,all,CLSW_SK003,21233,9.093015589,0.032488836,0.071586681,0.91480243,0.013610889,2,0,2,CLSW,SK,"Saskatoon, SK",1561-25398,20240711Plate_3/7h,20240711,Plate_3,7h,2010-07-01,7,1,2010,182,Breeding,Breeding,NA,NA,NA,NA,NA,NA
CLSW_SK004_seq2,1.332818807,-2.004011362,-2.314249662,0.352117884,-0.684475143,-0.33670622,all,CLSW_SK004,21830,63.8612918,0.005285701,0.089555657,0.901191022,0.009253321,2,0,2,CLSW,SK,"Saskatoon, SK",1561-31989,20240711Plate_3/8a,20240711,Plate_3,8a,2010-07-01,7,1,2010,182,Breeding,Breeding,NA,NA,NA,NA,NA,NA
CLSW_SK005_seq2,0.846584904,0.053896873,1.232171337,2.421630868,-1.308737698,0.153804031,all,CLSW_SK005,21799,26.70984908,0.006698259,0.086747098,0.903802927,0.009449975,2,0,2,CLSW,SK,"Saskatoon, SK",1561-25370,20240711Plate_3/8b,20240711,Plate_3,8b,2010-07-01,7,1,2010,182,Breeding,Breeding,NA,NA,NA,NA,NA,NA
CLSW_SK_Bls_01,-0.518766591,0.627262789,0.584869084,0.347151441,0.362867586,-0.806488214,all,CLSW_SK_Bls_01,10618,2.836974948,0.516176069,0.030231682,0.955829723,0.013938595,1,0,1,CLSW,SK,"Blackstrap, SK",1561-25120,20210222_Plate_1/2c,20210222,Plate_1,2c,2017-07-04,7,4,2017,185,Breeding,Breeding,NA,NA,NA,NA,NA,NA
CLSW_SK_Bls_06,-0.801787674,1.413982095,0.960259387,1.499005022,0.56831208,-2.023104094,all,CLSW_SK_Bls_06,15659,4.04738489,0.286475895,0.040040871,0.943993869,0.01596526,1,0,1,CLSW,SK,"Blackstrap, SK",1561-25125,20210222_Plate_1/2h,20210222,Plate_1,2h,2017-07-05,7,5,2017,186,Breeding,Breeding,NA,NA,NA,NA,NA,NA
CLSW_SK_Bls_07_seq2,0.509511235,1.168460524,1.896130037,1.349582285,1.250061028,-2.148451689,all,CLSW_SK_Bls_07,20343,5.748070589,0.073042924,0.055350735,0.930492061,0.014157204,2,0,1,CLSW,SK,"Blackstrap, SK",1561-25326,20240711Plate_3/11e,20240711,Plate_3,11e,2017-07-14,7,14,2017,195,Breeding,Breeding,NA,NA,NA,NA,NA,NA
CLSW_SK_Bls_08_seq2,-1.208816587,0.932641697,1.218447408,1.416446669,1.262736001,-1.882643509,all,CLSW_SK_Bls_08,18721,4.30730196,0.146951608,0.044495486,0.942150526,0.013353988,2,0,1,CLSW,SK,"Blackstrap, SK",1561-25127,20240711Plate_3/11f,20240711,Plate_3,11f,2017-07-05,7,5,2017,186,Breeding,Breeding,NA,NA,NA,NA,NA,NA
CLSW_SK_Ind_03_seq2,-0.26496564,0.459913268,0.417196529,0.39139741,0.185138054,-0.615842314,all,CLSW_SK_Ind_03,7783,2.30926378,0.645356785,0.023512784,0.963381729,0.013105486,2,0,2,CLSW,SK,"Indi Lk, SK",1561-25150,20240711Plate_3/7a,20240711,Plate_3,7a,2017-07-06,7,6,2017,187,Breeding,Breeding,NA,NA,NA,NA,NA,NA
CLSW_SK_Ind_04_seq2,-0.190299642,0.322095121,0.337184926,0.126785451,0.351952361,-0.462409809,all,CLSW_SK_Ind_04,7116,2.221472737,0.675749567,0.020517144,0.968381113,0.011101743,2,0,2,CLSW,SK,"Indi Lk, SK",1561-25151,20240711Plate_3/7b,20240711,Plate_3,7b,2017-07-06,7,6,2017,187,Breeding,Breeding,NA,NA,NA,NA,NA,NA
CLSW_SK_Ind_06,-0.377569661,0.545941102,0.294314106,0.246355717,0.201524343,-0.820059428,all,CLSW_SK_Ind_06,6669,2.645224172,0.696117744,0.028789924,0.947368421,0.023841655,1,0,1,CLSW,SK,"Indi Lk, SK",2161-30227,20210222_Plate_1/3f,20210222,Plate_1,3f,2017-06-13,6,13,2017,164,Breeding,Breeding,NA,NA,NA,NA,NA,NA
CLSW_SK_Ind_07_seq2,-0.414194579,1.025932749,0.648570329,1.367041767,1.079174984,-1.549351583,all,CLSW_SK_Ind_07,19377,4.909325489,0.117060057,0.048149868,0.937038757,0.014811374,2,0,1,CLSW,SK,"Indi Lk, SK",2161-30230,20240711Plate_3/11g,20240711,Plate_3,11g,2017-06-13,6,13,2017,164,Breeding,Breeding,NA,NA,NA,NA,NA,NA
CLSW_WA001_seq2,1.404131351,-1.55116665,-0.926163234,0.966045739,-1.854934937,0.607205711,all,CLSW_WA001,21772,25.58814073,0.007928552,0.088783759,0.902076061,0.00914018,2,0,2,CLSW,WA,"Soda Lake Wilson Creek, Grant, WA",UWBM:124867,20240711Plate_3/8d,20240711,Plate_3,8d,2018-06-11,6,11,2018,162,Breeding,Breeding,NA,NA,NA,NA,NA,NA
CLSW_WA002,3.161390853,-1.175951916,0.344883843,4.220347791,-4.868805806,4.7864619,all,CLSW_WA002,21823,41.10983824,0.005604666,0.089080328,0.900609449,0.010310223,1,0,1,CLSW,WA,"Electric City, Douglas, WA",UWBM:60585,20231102_Plate_2/2b,20231102,Plate_2,2b,1993-03-30,3,30,1993,89,Wintering,Migrating,NA,NA,NA,NA,NA,NA
CLSW_WA003_merged,4.448099734,-2.307104469,3.041393969,5.649730628,-3.656445284,8.603290559,all,CLSW_WA003,21818,78.4643872,0.005832498,0.088321569,0.900357503,0.011320928,1,1,1,CLSW,WA,"Soda Lake Wilson Creek, Grant, WA",UWBM:95281,Merged,Merged,Merged,Merged,2018-06-11,6,11,2018,162,Breeding,Breeding,NA,NA,NA,NA,NA,NA
CLSW_WA004,1.478033112,-3.335602366,0.291221756,4.08203857,-0.985965102,5.062325355,all,CLSW_WA004,21789,25.74037358,0.007153923,0.089265226,0.900362568,0.010372206,1,0,1,CLSW,WA,"Seatac Airport, runway 16C SeaTac, King, WA",UWBM:88869,20231102_Plate_2/2d,20231102,Plate_2,2d,2008-07-18,7,18,2008,200,Breeding,Breeding,NA,NA,NA,NA,NA,NA
CLSW_WA005,1.420290779,-2.214340507,-0.44016183,5.842986387,-0.242152084,1.25472935,all,CLSW_WA005,21690,10.85942831,0.011664996,0.084186261,0.90516367,0.010650069,1,0,1,CLSW,WA,"Cultus Bay Nursery Clinton, Island, WA",UWBM:123719,20231102_Plate_2/2e,20231102,Plate_2,2e,2014-06-10,6,10,2014,161,Breeding,Breeding,NA,NA,NA,NA,NA,NA
CLSW_WA006,2.320373996,-0.432218358,0.619419069,5.892360444,-4.11400237,3.880819905,all,CLSW_WA006,21786,18.80166162,0.007290622,0.084228404,0.905030754,0.010740843,1,0,1,CLSW,WA,"Cape Disappointment State Park, Pacific, WA",UWBM:119662,20231102_Plate_2/2f,20231102,Plate_2,2f,2012-06-07,6,7,2012,159,Breeding,Breeding,NA,NA,NA,NA,NA,NA
CLSW_WA007,1.59376828,-3.488620349,-2.254570485,3.732665455,-2.074481649,3.825530093,all,CLSW_WA007,21810,58.88344796,0.006197029,0.088858322,0.901604768,0.00953691,1,0,1,CLSW,WA,"Mountain Vista Road Othello, Franklin, WA",UWBM:74142,20231102_Plate_2/2g,20231102,Plate_2,2g,1998-06-20,6,20,1998,171,Breeding,Breeding,NA,NA,NA,NA,NA,NA
CLSW_WA008_seq2,1.65330391,-2.202714117,-3.337040681,4.338681498,-0.208664336,1.449540423,all,CLSW_WA008,21743,15.92484938,0.009249977,0.084532953,0.902957274,0.012509773,2,0,2,CLSW,WA,"SeaTac Airport SeaTac, King, WA",UWBM:122263,20240711Plate_3/8e,20240711,Plate_3,8e,2011-05-06,5,6,2011,126,Migrating,Migrating,NA,NA,NA,NA,NA,NA
PUMA_NC_001,-5.533571996,2.37275965,-1.062965637,-0.292878223,-0.290945999,-0.05665434,all,PUMA_NC_001,50795,3.397519441,0.532678897,0.107864947,0.863707058,0.028427995,1,0,1,PUMA,NC,"William B Umstead Bridge, Hwy 64/264, Dare, NC",UWBM:85533,20231102_Plate_1/11h,20231102,Plate_1,11h,2001-08-03,8,3,2001,215,Migrating,Breeding,50705,3.398856129,0.532698653,0.108036683,0.863899024,0.028064293
PUMA_NC_002,-22.9543622,12.43159895,-4.398285584,-19.53109279,-10.40659693,26.0134873,all,PUMA_NC_002,105052,27.53678178,0.033506909,0.211009786,0.73527396,0.053716255,1,0,1,PUMA,NC,"William B. Umstead Bridge Hwy 64/264 Manteo, Dare, NC",UWBM:86781,20231102_Plate_1/12a,20231102,Plate_1,12a,NA,NA,NA,NA,NA,NA,Breeding,104885,27.54006769,0.033371426,0.211155075,0.735434047,0.053410879
PUMA_NC_003_seq2,-24.08828948,13.76833759,17.41438694,-64.52741504,26.90694349,22.92984714,all,PUMA_NC_003,103058,19.18972811,0.051851988,0.194104291,0.743882086,0.062013623,2,0,2,PUMA,NC,"William B. Umstead Bridge Hwy 64/264 Manteo, Dare, NC",UWBM:86782,20240711Plate_4/10f,20240711,Plate_4,10f,2001-08-03,8,3,2001,215,Migrating,Breeding,102903,19.1960973,0.051637697,0.194318922,0.743923889,0.061757189
PUMA_NC_004_seq2,-4.531944983,1.190779356,0.185582027,-1.001602983,-0.161626825,-0.193259538,all,PUMA_NC_004,34367,5.543020921,0.683818794,0.070416388,0.864812174,0.064771438,2,0,2,PUMA,NC,"William B Umstead Bridge, Hwy 64/264 Manteo, Dare, NC",UWBM:86688,20240711Plate_4/10g,20240711,Plate_4,10g,2001-08-03,8,3,2001,215,Migrating,Breeding,34312,5.544270226,0.683777856,0.070529261,0.864916064,0.064554675
PUMA_NV_001_seq2,21.18068291,-4.232185723,45.2230031,-11.4521999,-27.77265992,-25.01368369,all,PUMA_NV_001,103305,26.34061275,0.049579554,0.193107788,0.746972557,0.059919655,2,0,2,PUMA,NV,"Cabin Canyon, upper end of canyon Mesquite, Clark, NV",UWBM:116474,20240711Plate_4/10h,20240711,Plate_4,10h,2012-05-27,5,27,2012,148,Migrating,Breeding,103133,26.34311035,0.049517999,0.193274704,0.747588066,0.059137231
PUMA_NV_002_seq2,21.61639946,-4.115282398,43.0737409,-11.88096109,-19.24358502,-21.51793529,all,PUMA_NV_002,103969,26.65173273,0.043470661,0.1942983,0.748482721,0.057218979,2,0,2,PUMA,NV,"Cabin Canyon, upper end of canyon Mesquite, Clark, NV",UWBM:116475,20240711Plate_4/11a,20240711,Plate_4,11a,2012-05-27,5,27,2012,148,Migrating,Breeding,103789,26.65702531,0.04347225,0.194423301,0.749154535,0.056422164
PUMA_PI_BC001,36.06122948,-2.372484279,-4.978471812,1.731187776,-2.480290882,19.11439621,all,PUMA_PI_BC001,105432,32.77030693,0.030010856,0.202557098,0.739414978,0.058027923,1,0,1,PUMA,PI_BC,"Pender Island, BC",PW01,20231102_Plate_1/9f,20231102,Plate_1,9f,03-Aug-21,NA,NA,NA,NA,NA,Breeding,105265,32.77104451,0.029869316,0.202735952,0.74000855,0.057255498
PUMA_PI_BC002,35.42991489,-2.51101802,-4.692380917,4.69523176,0.344910589,11.14793096,all,PUMA_PI_BC002,103304,14.10163208,0.049588754,0.191764114,0.750609851,0.057626036,1,0,1,PUMA,PI_BC,"Pender Island, BC",PW02,20231102_Plate_1/9g,20231102,Plate_1,9g,03-Aug-21,NA,NA,NA,NA,NA,Breeding,103133,14.10712381,0.049517999,0.192033588,0.751214451,0.056751961
PUMA_PI_BC003,34.38747483,-2.135745103,-0.901019172,5.79121949,-6.813890386,16.71425794,all,PUMA_PI_BC003,104285,16.27495805,0.040563417,0.197554778,0.746492784,0.055952438,1,0,1,PUMA,PI_BC,"Pender Island, BC",PW03,20231102_Plate_1/9h,20231102,Plate_1,9h,03-Aug-21,NA,NA,NA,NA,NA,Breeding,104120,16.27575874,0.040421728,0.197598924,0.747205148,0.055195928
PUMA_PI_BC004,9.568843957,0.1627538,-2.206768543,0.342980547,-1.744818971,0.837396551,all,PUMA_PI_BC004,56804,4.290806985,0.477395256,0.126346736,0.838937399,0.034715865,1,0,1,PUMA,PI_BC,"Pender Island, BC",PW04,20231102_Plate_1/10a,20231102,Plate_1,10a,03-Aug-21,NA,NA,NA,NA,NA,Breeding,56710,4.291941457,0.477356091,0.126450361,0.839463939,0.034085699
PUMA_PI_BC005,18.35095715,-0.827999372,-4.175626496,1.443626866,-0.590855819,1.207668419,all,PUMA_PI_BC005,75839,7.148696581,0.302270595,0.158612323,0.796516304,0.044871372,1,0,1,PUMA,PI_BC,"Pender Island, BC",PW05,20231102_Plate_1/10b,20231102,Plate_1,10b,03-Aug-21,NA,NA,NA,NA,NA,Breeding,75719,7.150860418,0.302167622,0.15879766,0.797012639,0.044189701
PUMA_PI_BC006,38.3985133,-2.957259195,-7.422028357,4.186450328,12.47507477,6.981359675,all,PUMA_PI_BC006,105396,29.98571103,0.030342061,0.197929713,0.741090743,0.060979544,1,0,1,PUMA,PI_BC,"Pender Island, BC",PW06,20231102_Plate_1/10c,20231102,Plate_1,10c,03-Aug-21,NA,NA,NA,NA,NA,Breeding,105223,29.9978997,0.030256391,0.19811258,0.741672448,0.060214972
PUMA_PI_BC007,7.449628166,-0.073184721,-1.676759384,0.721013627,-1.094066073,-0.03038686,all,PUMA_PI_BC007,48627,4.454336068,0.5526248,0.1259177,0.839266251,0.034816049,1,0,1,PUMA,PI_BC,"Pender Island, BC",PW07,20231102_Plate_1/10d,20231102,Plate_1,10d,03-Aug-21,NA,NA,NA,NA,NA,Breeding,48541,4.455717847,0.55264225,0.126078985,0.839620115,0.0343009
PUMA_PI_BC008,18.22775681,-0.328971254,-3.142212012,1.600629188,-0.951438394,2.426990591,all,PUMA_PI_BC008,79844,6.203496819,0.265424034,0.154012825,0.802064025,0.04392315,1,0,1,PUMA,PI_BC,"Pender Island, BC",OB39,20231102_Plate_1/10e,20231102,Plate_1,10e,03-Aug-21,NA,NA,NA,NA,NA,Breeding,79724,6.205107621,0.265257221,0.154219557,0.802581406,0.043199037
PUMA_SBC001_seq2,23.31683941,-2.576395188,5.107979003,2.481114919,1.39107944,2.169394148,all,PUMA_SBC001,81875,10.3673771,0.24673855,0.131822901,0.797691603,0.070485496,2,0,2,PUMA,SBC,"YVR, Lower Mainland, BC",PUMA_UBC001,20240711Plate_4/10c,20240711,Plate_4,10c,2018-06-03,6,3,2018,154,Breeding,Breeding,81735,10.37047776,0.246723683,0.132024225,0.798323851,0.069651924
PUMA_SK001_merged,-14.12881706,-27.22263053,-2.602388606,-1.056003609,-0.724970566,0.841703597,all,PUMA_SK001,53639,5.121236414,0.506513699,0.141072727,0.817278473,0.0416488,1,1,1,PUMA,SK,SK,8041-64136/PH26,Merged,Merged,Merged,Merged,NA,NA,NA,NA,NA,Breeding,Breeding,53546,5.122791618,0.506515769,0.141168341,0.817446681,0.041384977
PUMA_SK002_seq2,-36.56151505,-74.16501035,-2.843113629,-2.946720098,0.307670354,1.542188094,all,PUMA_SK002,105450,39.24277857,0.029845254,0.226192508,0.718786155,0.055021337,2,0,2,PUMA,SK,SK,8051-77178/P12,20240711Plate_4/10d,20240711,Plate_4,10d,NA,NA,NA,NA,NA,Breeding,Breeding,105275,39.24657326,0.029777155,0.226340537,0.718803135,0.054856329
PUMA_SK_xxx_01,-18.76229523,9.555687936,-4.766736263,7.343382617,-6.118614979,-2.80565589,all,PUMA_SK_xxx_01,94783,12.0520663,0.127983145,0.190635452,0.757224397,0.052140152,1,0,1,PUMA,SK,SK,8041-64136,20210222_Plate_2/10c,20210222,Plate_2,10c,NA,NA,NA,NA,NA,Breeding,Breeding,94626,12.05480523,0.127919193,0.190824932,0.757349988,0.05182508
PUMA_SK_xxx_02,-22.9405931,-49.72901667,-6.381406481,-1.342634612,-1.013223418,-0.147024796,all,PUMA_SK_xxx_02,76940,6.259370938,0.292141241,0.187964648,0.768559917,0.043475435,1,0,1,PUMA,SK,SK,8051-77178,20210222_Plate_2/10d,20210222,Plate_2,10d,NA,NA,NA,NA,NA,Breeding,Breeding,76817,6.259291563,0.292048366,0.188148457,0.768501764,0.043349779
PUMA_SK_xxx_03,-20.50575885,11.30990844,-4.601897586,8.340139809,-2.42884363,-15.34506847,all,PUMA_SK_xxx_03,101673,34.48101266,0.064594182,0.200053111,0.746599392,0.053347496,1,0,1,PUMA,SK,SK,8051-77167,20210222_Plate_2/10e,20210222,Plate_2,10e,NA,NA,NA,NA,NA,Breeding,Breeding,101511,34.49833023,0.064466481,0.200264011,0.746608742,0.053127247
PUMA_SK_xxx_05,-19.46988949,9.748141924,-5.93133746,12.8448303,-2.066906049,-8.352689404,all,PUMA_SK_xxx_05,98116,21.80409923,0.097319079,0.19776591,0.750214032,0.052020058,1,0,1,PUMA,SK,SK,8051-77299,20210222_Plate_2/10g,20210222,Plate_2,10g,NA,NA,NA,NA,NA,Breeding,Breeding,97954,21.81765931,0.097248078,0.197899014,0.750250117,0.051850869
PUMA_SK_xxx_06,-20.1446494,11.68176772,-4.447415485,11.29053512,-2.742218633,-2.200291529,all,PUMA_SK_xxx_06,98792,30.23979674,0.091099785,0.20265811,0.74604219,0.0512997,1,0,1,PUMA,SK,SK,8041-64148,20210222_Plate_2/10h,20210222,Plate_2,10h,NA,NA,NA,NA,NA,Breeding,Breeding,98629,30.25808839,0.091027224,0.202881505,0.746109157,0.051009338
PUMA_SK_xxx_07,-8.858433492,3.467091753,-1.610933745,2.094533425,-0.776016915,-1.567738441,all,PUMA_SK_xxx_07,69141,4.652145615,0.363893131,0.140133929,0.820988994,0.038877077,1,0,1,PUMA,SK,SK,8051-77183,20210222_Plate_2/11a,20210222,Plate_2,11a,NA,NA,NA,NA,NA,Breeding,Breeding,69028,4.653488439,0.363832415,0.140247436,0.821043634,0.03870893
PUMA_SK_xxx_08_seq2,-23.99714509,8.128914284,37.26410291,29.23114865,19.1025311,0.776177762,all,PUMA_SK_xxx_08,104562,30.28431935,0.038014978,0.211453492,0.73205371,0.056492799,2,0,2,PUMA,SK,SK,8041-64104,20240711Plate_4/9g,20240711,Plate_4,9g,NA,NA,NA,NA,NA,Breeding,Breeding,104390,30.28962544,0.037933386,0.211629466,0.732043299,0.056327234
PUMA_SK_xxx_09,-5.620155013,1.740022025,-1.279036211,1.484409901,-0.10858525,-0.964018544,all,PUMA_SK_xxx_09,55488,3.719002307,0.48950264,0.120152105,0.84807526,0.031772636,1,0,1,PUMA,SK,SK,8051-77173,20210222_Plate_2/11c,20210222,Plate_2,11c,NA,NA,NA,NA,NA,Breeding,Breeding,55398,3.720603632,0.489447588,0.1202751,0.848135312,0.031589588
PUMA_SK_xxx_10_seq2,-24.85696154,5.790023288,29.55203626,29.42473025,42.08223717,17.84798192,all,PUMA_SK_xxx_10,105247,45.80616075,0.031712882,0.214922991,0.729274944,0.055802066,2,0,2,PUMA,SK,SK,8051-77172,20240711Plate_4/9h,20240711,Plate_4,9h,NA,NA,NA,NA,NA,Breeding,Breeding,105074,45.80731675,0.031629587,0.215057959,0.729381198,0.055560843
PUMA_SK_xxx_12,-7.649152409,2.81965592,-1.48131496,1.559267407,-0.481382892,-1.497359455,all,PUMA_SK_xxx_12,65599,4.429594963,0.396480026,0.149605939,0.816521593,0.033872468,1,0,1,PUMA,SK,SK,8051-77296,20210222_Plate_2/11f,20210222,Plate_2,11f,NA,NA,NA,NA,NA,Breeding,Breeding,65509,4.427422186,0.396263801,0.149704621,0.816651147,0.033644232
PUMA_SWON_001,-11.24712649,5.835744456,-4.212388093,1.925209141,-4.221163124,1.56741893,all,PUMA_SWON_001,65307,5.371215949,0.399166467,0.1507036,0.809744744,0.039551656,1,0,1,PUMA,SWON,SWON,39/PUMA 13,20231102_Plate_1/10f,20231102,Plate_1,10f,NA,NA,NA,NA,NA,NA,Breeding,65185,5.371465828,0.399249811,0.150939633,0.809910255,0.039150111
PUMA_SWON_xxx_01,-17.59346356,11.30796247,-8.932489428,2.685162803,-8.140153193,0.488704558,all,PUMA_SWON_xxx_01,86978,9.489284647,0.199790237,0.191059808,0.759502403,0.049437789,1,0,1,PUMA,SWON,SWON,141,20210222_Plate_2/11g,20210222,Plate_2,11g,NA,NA,NA,NA,NA,NA,Breeding,86827,9.492819054,0.199795403,0.19134601,0.759498773,0.049155217
PUMA_SWON_xxx_02,-12.38844963,5.932481673,-3.719586737,-0.756176371,-2.199775503,-2.005896701,all,PUMA_SWON_xxx_02,79917,6.078744197,0.264752424,0.162681282,0.794586884,0.042731834,1,0,1,PUMA,SWON,SWON,143,20210222_Plate_2/11h,20210222,Plate_2,11h,NA,NA,NA,NA,NA,NA,Breeding,79786,6.080289775,0.264685824,0.162898253,0.794713358,0.042388389
PUMA_SWON_xxx_03,-7.970041216,4.079799536,-3.290983414,-0.463257448,-1.211305518,-2.296673085,all,PUMA_SWON_xxx_03,68496,4.628270264,0.369827221,0.143497431,0.819084326,0.037418243,1,0,1,PUMA,SWON,SWON,146,20210222_Plate_2/12a,20210222,Plate_2,12a,NA,NA,NA,NA,NA,NA,Breeding,68404,4.629831589,0.369583249,0.143573475,0.819104146,0.037322379
PUMA_SWON_xxx_04,-2.846444484,1.415145405,-1.339472498,-0.102808538,-0.54023086,-0.534405738,all,PUMA_SWON_xxx_04,39174,2.953055598,0.639593722,0.099683464,0.876423138,0.023893399,1,0,1,PUMA,SWON,SWON,147,20210222_Plate_2/12b,20210222,Plate_2,12b,NA,NA,NA,NA,NA,NA,Breeding,39121,2.954142277,0.639457726,0.099818512,0.876434651,0.023746837
PUMA_SWON_xxx_06,-19.09703517,11.95981574,-5.90196392,-1.812338171,-8.652306863,-3.540819603,all,PUMA_SWON_xxx_06,95426,18.24279546,0.122067455,0.203236015,0.745698237,0.051065747,1,0,1,PUMA,SWON,SWON,151,20210222_Plate_2/12d,20210222,Plate_2,12d,NA,NA,NA,NA,NA,NA,Breeding,95268,18.24058446,0.12200247,0.203457614,0.745738338,0.050804048
PUMA_SWON_xxx_07,-19.1801054,13.89866419,-14.58388804,-1.571554861,-14.27473206,-4.37174553,all,PUMA_SWON_xxx_07,92193,11.06294404,0.151811508,0.193951818,0.754178734,0.051869448,1,0,1,PUMA,SWON,SWON,152,20210222_Plate_2/12e,20210222,Plate_2,12e,NA,NA,NA,NA,NA,NA,Breeding,92047,11.06505372,0.151687464,0.19424859,0.754147338,0.051604072
PUMA_SWON_xxx_08,-17.82707325,9.939466464,-6.825056209,-1.278241912,-7.824192902,-4.684647324,all,PUMA_SWON_xxx_08,93861,10.16935681,0.136465674,0.191879481,0.759197111,0.048923408,1,0,1,PUMA,SWON,SWON,153,20210222_Plate_2/12f,20210222,Plate_2,12f,NA,NA,NA,NA,NA,NA,Breeding,93702,10.16724296,0.136434852,0.192002305,0.759322106,0.048675589
PUMA_SWON_xxx_09,-15.07185484,9.51456265,-6.122844501,-0.164834126,-4.036852209,-2.264337397,all,PUMA_SWON_xxx_09,89210,7.857527183,0.179255525,0.175933191,0.773511938,0.050554871,1,0,1,PUMA,SWON,SWON,154,20210222_Plate_2/12g,20210222,Plate_2,12g,NA,NA,NA,NA,NA,NA,Breeding,89068,7.856626398,0.179142167,0.176022814,0.773622401,0.050354785
PUMA_SWON_xxx_10,-20.07374308,13.29755608,-12.86103933,-2.001090897,-13.37029896,-6.632451979,all,PUMA_SWON_xxx_10,96039,10.82452962,0.11642777,0.192723789,0.75689043,0.050385781,1,0,1,PUMA,SWON,SWON,155,20210222_Plate_2/12h,20210222,Plate_2,12h,NA,NA,NA,NA,NA,NA,Breeding,95882,10.82566071,0.116343797,0.192935066,0.756992971,0.050071963
PUMA_VI_BC009,6.093728874,0.193826394,-1.362899605,0.24352681,-0.60421112,-0.261720534,all,PUMA_VI_BC009,50044,3.433538486,0.539588202,0.108164815,0.861322037,0.030513148,1,0,1,PUMA,VI,"Vancouver Island, Mayne Island, BC",PUMA_UBC002,20231102_Plate_1/9e,20231102,Plate_1,9e,2019-07-05,7,5,2019,186,Breeding,Breeding,49958,3.434264782,0.539583065,0.108290964,0.861783898,0.029925137
PUMA_WA_001,32.62769531,-2.911968697,-4.333126024,3.768110278,-1.082870685,8.492173985,all,PUMA_WA_001,101101,12.41005529,0.069856662,0.185289958,0.757321886,0.057388156,1,0,1,PUMA,WA,"Bremerton, Kitsap, WA",UWBM:86057,20231102_Plate_1/11b,20231102,Plate_1,11b,2006-06-25,6,25,2006,176,Breeding,Breeding,100940,12.41447394,0.069728863,0.185516148,0.757935407,0.056548445
PUMA_WA_002,15.9770258,0.010966584,-10.82180412,-5.754628939,18.14436344,-21.92915271,all,PUMA_WA_002,72941,4.983109637,0.3289326,0.146625355,0.814055195,0.03931945,1,0,1,PUMA,WA,"Bellingham, Whatcom, WA",UWBM:119728,20231102_Plate_1/11c,20231102,Plate_1,11c,2007-08-10,8,10,2007,222,Migrating,Migrating,72829,4.983852586,0.328802094,0.146795919,0.814648011,0.03855607
PUMA_WA_003,35.08213026,-2.566244903,-3.966017452,2.490976602,-1.839102856,7.667062605,all,PUMA_WA_003,104567,17.86427841,0.037968977,0.194219974,0.747233831,0.058546195,1,0,1,PUMA,WA,"waterfront near senior center Edmonds, Snohomish, WA",UWBM:88763,20231102_Plate_1/11d,20231102,Plate_1,11d,2008-08-12,8,12,2008,225,Migrating,Migrating,104395,17.87302074,0.037887306,0.194482494,0.747794435,0.057723071
PUMA_WA_005,36.80006137,-2.498962029,0.773876027,4.555475861,-6.641671902,24.13213712,all,PUMA_WA_005,105486,35.57534649,0.029514049,0.202169008,0.739993933,0.057837059,1,0,1,PUMA,WA,"near 231 Pafitt Way SW, in harbor, Kitsap, WA",UWBM:119280,20231102_Plate_1/11f,20231102,Plate_1,11f,2013-06-22,6,22,2013,173,Breeding,Breeding,105316,35.57720574,0.029399296,0.202286452,0.740599719,0.057113829
PUMA_WA_006,33.32998951,-0.329075857,-19.71904947,-14.33845387,41.89559495,-44.68466065,all,PUMA_WA_006,104281,17.64698267,0.040600217,0.202711903,0.741314333,0.055973763,1,0,1,PUMA,WA,"Washington, USA",UWBM:120067,20231102_Plate_1/11g,20231102,Plate_1,11g,2007-08-10,8,10,2007,222,Migrating,Migrating,104111,17.65441692,0.040504673,0.202831593,0.741958102,0.055210304
VGSW_CO002_merged,-7.902676919,-10.502418,-10.51224576,-10.34245063,1.034515424,-28.12354763,all,VGSW_CO002,104551,18.33113983,0.051166632,0.161194058,0.783502788,0.055303153,1,1,1,VGSW,CO,"Drowsy Water Ranch, 1454 4451 County Road, 8 kilometers northwest of Granby,CO",DMNS:Bird:43248,Merged,Merged,Merged,Merged,2009-08-24,8,24,2009,236,Migrating,Migrating,104546,18.33123218,0.051168954,0.161201768,0.783501999,0.055296233
VGSW_CO003,-0.85533189,-0.655600617,-0.282090196,-0.104281842,0.330410446,0.210777877,all,VGSW_CO003,35461,2.526634895,0.678180218,0.061475988,0.917543216,0.020980796,1,0,1,VGSW,CO,"Littleton, Denver Water Facility Outlet, Works, 11300 Waterton Road",DMNS:Bird:56024,20231102_Plate_2/10g,20231102,Plate_2,10g,early Aug,8,NA,NA,NA,NA,Breeding,35458,2.526707654,0.678192841,0.061481189,0.91753624,0.020982571
VGSW_CO004_merged,-8.686586856,-10.28707878,-17.0860454,-4.343553478,11.55403284,-36.89816321,all,VGSW_CO004,107958,79.84647733,0.02024703,0.186313196,0.764149021,0.049537783,1,1,1,VGSW,CO,"Littleton, Denver Water Facility Outlet, Works, 11300 Waterton Road",DMNS:Bird:56025,Merged,Merged,Merged,Merged,early Aug,8,NA,NA,NA,NA,Breeding,107954,79.84712007,0.020238873,0.186320099,0.764149545,0.049530356
VGSW_CO005,-8.368266164,-10.64934821,-14.00117709,54.00181801,-13.44351241,4.024825466,all,VGSW_CO005,108194,50.96270588,0.018105256,0.182034124,0.766012903,0.051952973,1,0,1,VGSW,CO,"Littleton, Denver Water Facility Outlet, Works, 11300 Waterton Road",DMNS:Bird:56026,20231102_Plate_2/11a,20231102,Plate_2,11a,early Aug,8,NA,NA,NA,NA,Breeding,108190,50.96264904,0.018097001,0.182040854,0.766004252,0.051954894
VGSW_CO006,-7.223035513,-8.470745815,-19.41518196,2.086294791,6.043805946,10.18105203,all,VGSW_CO006,107981,28.39324511,0.020038298,0.183328549,0.767033089,0.049638362,1,0,1,VGSW,CO,"Littleton, Denver Water Facility Outlet, Works, 11300 Waterton Road",DMNS:Bird:56027,20231102_Plate_2/11b,20231102,Plate_2,11b,early Aug,8,NA,NA,NA,NA,Breeding,107977,28.39318559,0.020030131,0.18333534,0.76703372,0.04963094
VGSW_CO008,-7.64902969,-8.466688924,-24.00370931,-4.493438858,-5.80171184,13.34307433,all,VGSW_CO008,108283,77.19423178,0.017297552,0.182577136,0.768791038,0.048631826,1,0,1,VGSW,CO,"Littleton, Denver Water Facility Outlet, Works, 11300 Waterton Road",DMNS:Bird:56028,20231102_Plate_2/11c,20231102,Plate_2,11c,early Aug,8,NA,NA,NA,NA,Breeding,108279,77.19452525,0.017289262,0.182583881,0.768782497,0.048633622
VGSW_CO009,-7.668560385,-8.416244088,-24.12472975,3.751317939,13.18772215,3.367796463,all,VGSW_CO009,107836,28.50663971,0.021354219,0.183167031,0.769390556,0.047442413,1,0,1,VGSW,CO,"Lafayette, Whispering Meadow Park",DMNS:Bird:56193,20231102_Plate_2/11d,20231102,Plate_2,11d,2012-07-17,7,17,2012,199,Breeding,Breeding,107831,28.506487,0.021355188,0.183175525,0.769379863,0.047444612
VGSW_CO010_merged,-3.920933883,-3.88774993,-0.190639053,6.114561131,-1.447925699,-0.569899432,all,VGSW_CO010,74489,7.204177798,0.323988783,0.101142451,0.84251366,0.05634389,1,1,1,VGSW,CO,"Higgins Gulch, 1.5 miles southwest of Speaefish",DMNS:Bird:45508,Merged,Merged,Merged,Merged,2010-08-17,8,17,2010,229,Migrating,Migrating,74486,7.204078619,0.323985334,0.101146524,0.842507317,0.056346159
VGSW_NM001_seq2,-5.047497842,-5.233804564,6.344950603,2.759111974,-22.03240584,-1.203893279,all,VGSW_NM001,94349,13.77653181,0.143753006,0.138803803,0.802626419,0.058569778,2,0,1,VGSW,NM,"Spring Cañon Jarido, Sandoval, NM",UWBM:74524,20240711Plate_4/4f,20240711,Plate_4,4f,2002-06-27,6,27,2002,178,Breeding,Breeding,94344,13.77660477,0.14375953,0.138811159,0.802647757,0.058541084
VGSW_NM002_seq2,-7.384579498,-7.045962336,9.331309952,-21.8423,-67.85423909,-2.246559481,all,VGSW_NM002,107602,41.52984145,0.023477843,0.181307039,0.766779428,0.051913533,2,0,1,VGSW,NM,"Spring Cañon Jarido, Sandoval, NM",UWBM:74523,20240711Plate_4/4g,20240711,Plate_4,4g,2002-06-27,6,27,2002,178,Breeding,Breeding,107598,41.53022361,0.023469832,0.181313779,0.766789346,0.051896875
VGSW_NV001,-3.793446987,-1.928473776,8.005460416,-1.38662555,3.120229214,3.135277672,all,VGSW_NV001,97881,7.46038557,0.11169899,0.156690267,0.799971394,0.043338339,1,0,1,VGSW,NV,"Carpenter Canyon Pahrump, Clark, NV",UWBM:80463,20231102_Plate_2/8d,20231102,Plate_2,8d,2012-05-24,5,24,2012,145,Migrating,Breeding,97876,7.460388655,0.111704059,0.156698271,0.799961175,0.043340553
VGSW_NV002,-2.86875133,-1.532277914,7.686757268,-2.014360676,1.213611222,7.029275701,all,VGSW_NV002,99463,11.97678534,0.09734184,0.165438404,0.789017021,0.045544574,1,0,1,VGSW,NV,"Carpenter Canyon Pahrump, Clark, NV",UWBM:80464,20231102_Plate_2/8e,20231102,Plate_2,8e,2012-05-24,5,24,2012,145,Migrating,Breeding,99460,11.97680475,0.097328106,0.165443394,0.789010658,0.045545948
VGSW_NV003_seq2,-6.437714553,-4.049781102,31.04113488,-8.585775938,26.55478163,-15.712772,all,VGSW_NV003,106417,24.30137102,0.034232092,0.174041741,0.771089206,0.054869053,2,0,2,VGSW,NV,"Carpenter Canyon Pahrump, Clark, NV",UWBM:78839,20240711Plate_4/11f,20240711,Plate_4,11f,2012-05-24,5,24,2012,145,Migrating,Breeding,106412,24.30147916,0.034233646,0.174049919,0.771087847,0.054862234
VGSW_NV004,-6.506888129,-6.237723028,-4.759605219,-2.526968306,9.337378708,36.87127519,all,VGSW_NV004,107297,17.69137068,0.026245814,0.182661211,0.768260063,0.049078725,1,0,1,VGSW,NV,"Cabin Canyon Mesquite, Clark, NV",UWBM:95588,20231102_Plate_2/8g,20231102,Plate_2,8g,2012-05-26,5,26,2012,147,Migrating,Breeding,107292,17.69170115,0.026247005,0.182669724,0.768258584,0.049071692
VGSW_NV005_seq2,-3.78010558,-3.29839864,19.50155156,-8.822302877,1.89397522,0.744271041,all,VGSW_NV005,101523,17.37810151,0.078646689,0.160416851,0.783802685,0.055780464,2,0,2,VGSW,NV,"Cabin Canyon Mesquite, Clark, NV",UWBM:91481,20240711Plate_4/11d,20240711,Plate_4,11d,2012-05-26,5,26,2012,147,Migrating,Breeding,101519,17.37783075,0.078641182,0.160423172,0.783804017,0.055772811
VGSW_NV006,-6.73548691,-6.011413685,-4.914236436,-4.932477681,5.820797839,20.32262655,all,VGSW_NV006,106278,13.62598092,0.035493561,0.180714729,0.772125934,0.047159337,1,0,1,VGSW,NV,"Cabin Canyon Mesquite, Clark, NV",UWBM:60570,20231102_Plate_2/9a,20231102,Plate_2,9a,2012-05-26,5,26,2012,147,Migrating,Breeding,106274,13.62605153,0.035486096,0.180721531,0.772126767,0.047151702
VGSW_NV008,-4.831585681,-5.803551454,5.90403671,16.25734294,-4.376734806,9.874641531,all,VGSW_NV008,105732,16.5897174,0.040448684,0.179605039,0.774004086,0.046390875,1,0,1,VGSW,NV,"Cabin Canyon Mesquite, Clark, NV",UWBM:80325,20231102_Plate_2/7h,20231102,Plate_2,7h,2012-05-25,5,25,2012,146,Migrating,Breeding,105727,16.58990608,0.040450519,0.179604075,0.774012315,0.046383611
VGSW_NV009,-6.321790341,-6.155955823,-2.722317155,-0.780755853,-1.337335127,5.917856015,all,VGSW_NV009,104801,10.85571703,0.048897803,0.172603315,0.781948646,0.04544804,1,0,1,VGSW,NV,"Spring Mountains; Clark Canyon [36.20'N/115.43'W], Clark, NV",UWBM:60586,20231102_Plate_2/8a,20231102,Plate_2,8a,2001-07-06,7,6,2001,187,Breeding,Breeding,104798,10.85577015,0.04888187,0.172608256,0.781942403,0.045449341
VGSW_NV010,-7.863573042,-8.917081978,-23.51229697,2.976397089,11.80714657,0.239743437,all,VGSW_NV010,107788,24.91486065,0.021789834,0.180381861,0.769937284,0.049680855,1,0,1,VGSW,NV,"Spring Mountains; Macks Canyon [36°21'N, 115°41'W], Clark, NV",UWBM:116626,20231102_Plate_2/8b,20231102,Plate_2,8b,2005-05-18,5,18,2005,138,Migrating,Breeding,107784,24.91520077,0.021781747,0.180388555,0.769938024,0.049673421
VGSW_NV011,-2.944819453,-1.883205282,3.510600511,-0.194922926,1.218694104,1.724182437,all,VGSW_NV011,88154,5.470029721,0.199974589,0.137702203,0.825158246,0.037139551,1,0,1,VGSW,NV,"Cabin Canyon Mesquite, Clark, NV",UWBM:80482,20231102_Plate_2/8c,20231102,Plate_2,8c,2012-05-25,5,25,2012,146,Migrating,Breeding,88153,5.470080428,0.199947361,0.137703765,0.825156262,0.037139973
VGSW_PI_BC007,-9.974013449,66.01551314,-6.781426118,2.076087603,-1.224788029,-0.910421621,all,VGSW_PI_BC007,107530,18.35493351,0.024131265,0.193136799,0.758365107,0.048498094,1,0,1,VGSW,PI_BC,"Pender Island, BC",272196948,20231102_Plate_2/5d,20231102,Plate_2,5d,2021-06-22,6,22,2021,173,Breeding,Breeding,107525,18.35495001,0.02413236,0.19314578,0.758381772,0.048472448
VGSW_PI_BC008_merged,-7.899757975,39.38568183,2.25215725,-2.652120405,-1.599753319,-5.219890187,all,VGSW_PI_BC008,102297,14.12330762,0.071622394,0.158147355,0.784744421,0.057108224,1,1,1,VGSW,PI_BC,"Pender Island, BC",272196949,Merged,Merged,Merged,Merged,2021-06-22,6,22,2021,173,Breeding,Breeding,102295,14.12327093,0.071598417,0.158150447,0.784759763,0.057089789
VGSW_PI_BC009_merged,-9.792694523,64.54112205,-8.301981783,1.97942569,-0.495309479,-0.254324677,all,VGSW_PI_BC009,107472,20.01250558,0.024657634,0.194804228,0.757899732,0.04729604,1,1,1,VGSW,PI_BC,"Pender Island, BC",272196950,Merged,Merged,Merged,Merged,2021-06-22,6,22,2021,173,Breeding,Breeding,107468,20.01263632,0.024649677,0.194811479,0.757909331,0.04727919
VGSW_PI_BC010,60.80832084,2.313259631,-5.352524826,1.103977792,-1.043972952,-1.940311622,all,VGSW_PI_BC010,107724,24.17657161,0.022370654,0.204606216,0.749210946,0.046182838,1,0,1,VGSW,PI_BC,"Pender Island, BC",272196951,20231102_Plate_2/5g,20231102,Plate_2,5g,2021-06-23,6,23,2021,174,Breeding,Breeding,107719,24.17708111,0.022371669,0.204615713,0.749227156,0.046157131
VGSW_PI_BC011,65.76362847,2.434584445,-2.227530894,0.305062171,-0.654301733,-1.288672083,all,VGSW_PI_BC011,107703,24.56641876,0.022561236,0.205945981,0.748772086,0.045281933,1,0,1,VGSW,PI_BC,"Pender Island, BC",272196952,20231102_Plate_2/5h,20231102,Plate_2,5h,2021-06-25,6,25,2021,176,Breeding,Breeding,107698,24.5667329,0.022562259,0.205955542,0.748788278,0.045256179
VGSW_PI_BC012,66.41199357,1.96247441,-3.691099164,-0.008724759,-0.665186422,-1.350106291,all,VGSW_PI_BC012,107418,22.88651809,0.025147701,0.203857826,0.74926921,0.046872964,1,0,1,VGSW,PI_BC,"Pender Island, BC",272196953,20231102_Plate_2/6a,20231102,Plate_2,6a,2021-06-25,6,25,2021,176,Breeding,Breeding,107413,22.88668038,0.025148842,0.203858006,0.749285468,0.046856526
VGSW_PI_BC013,20.10376546,-0.460904163,7.281034019,-1.973074257,2.050095037,3.979441287,all,VGSW_PI_BC013,103101,8.87741147,0.06432584,0.174915859,0.779468676,0.045615464,1,0,1,VGSW,PI_BC,"Pender Island, BC",272196954,20231102_Plate_2/6b,20231102,Plate_2,6b,2021-06-25,6,25,2021,176,Breeding,Breeding,103098,8.877204213,0.064310608,0.174911249,0.779481658,0.045607092
VGSW_SBC002_seq2,-4.236164877,-1.890788502,22.89022017,-7.825097823,17.13368413,14.45095743,all,VGSW_SBC002,106976,26.54288812,0.02915899,0.180965824,0.767882516,0.05115166,2,0,2,VGSW,SBC,"North Vancouver: 1995 E 1st, Lower Mainland,BC",VGSW_SBC002,20240711Plate_4/2e,20240711,Plate_4,2e,2021-07-08,7,8,2021,189,Breeding,Breeding,106971,26.54301633,0.029160314,0.180964934,0.767899711,0.051135354
VGSW_SBC003_seq2,-2.250784025,-1.510201698,3.63334583,-1.367664581,1.645983434,-0.760029068,all,VGSW_SBC003,68000,8.240338235,0.382878509,0.099779412,0.837985294,0.062235294,2,0,2,VGSW,SBC,"Langley: 9930 197 St. Lower Mainland, BC",VGSW_SBC003,20240711Plate_4/2f,20240711,Plate_4,2f,2021-06-14,6,14,2021,165,Breeding,Breeding,67998,8.24012471,0.382868656,0.099782347,0.837995235,0.062222418
VGSW_SBC004_seq2,-3.814571711,-1.069932077,4.446912962,-2.786827673,0.90370437,-0.87418131,all,VGSW_SBC004,75832,7.974074269,0.311800633,0.10339962,0.835570735,0.061029644,2,0,2,VGSW,SBC,"Brackendale : 4183 Hope Rd., Lower Mainland, BC",VGSW_SBC004,20240711Plate_4/2g,20240711,Plate_4,2g,2021-07-01,7,1,2021,182,Breeding,Breeding,75829,7.974218307,0.311796631,0.103403711,0.835577418,0.061018871
VGSW_SBC005_seq2,-1.725591103,-0.486713878,1.694392294,-1.243504492,-0.071486474,-0.475391087,all,VGSW_SBC005,44584,5.661806926,0.595386109,0.069419523,0.868831868,0.061748609,2,0,2,VGSW,SBC,"Brackendale : 4183 Hope Rd, Lower Mainland, BC",VGSW_SBC005,20240711Plate_4/2h,20240711,Plate_4,2h,2021-07-01,7,1,2021,182,Breeding,Breeding,44580,5.661978466,0.595404051,0.069425751,0.868864962,0.061709287
VGSW_SBC007_seq2,-4.507192407,-2.654337511,14.88720671,-8.16385949,5.162863219,-1.906151645,all,VGSW_SBC007,95589,9.87962004,0.132499614,0.131406333,0.80943414,0.059159527,2,0,2,VGSW,SBC,"Burnaby, Wildlife Rescue Association, Lower Mainland, BC",VGSW_SBC007,20240711Plate_4/3b,20240711,Plate_4,3b,2012-06-22,6,22,2012,174,Breeding,Breeding,95584,9.879582357,0.132505627,0.131402745,0.809455557,0.059141697
VGSW_WA007_seq2,-8.955880653,-8.711899187,-8.746763458,-10.08897698,-7.094023483,-24.53939926,all,VGSW_WA007,106071,21.95695336,0.037372151,0.16823637,0.778563415,0.053200215,2,0,2,VGSW,WA,"Electric City, Douglas, WA",UWBM:100142,20240711Plate_4/3g,20240711,Plate_4,3g,1993-03-30,3,30,1993,89,Wintering,Migrating,106067,21.95714973,0.037364772,0.168242715,0.778583348,0.053173937
VGSW_WA009_seq2,-7.429704202,-7.275190509,4.354936412,-20.9041545,-3.279443535,21.67525175,all,VGSW_WA009,107857,47.24949702,0.021163637,0.184132694,0.765346709,0.050520597,2,0,2,VGSW,WA,"valley west of Blue Lake Oroville, Okanogan, WA",UWBM:124892,20240711Plate_4/3e,20240711,Plate_4,3e,1999-09-05,9,5,1999,248,Migrating,Migrating,107853,47.24996059,0.021155522,0.184139523,0.76535655,0.050503927
VGSW_WA010_seq2,-5.734809018,-4.383330721,32.00263016,50.26806139,-4.948713341,-10.99876403,all,VGSW_WA010,104374,17.47333627,0.052772963,0.162415927,0.779217046,0.058367026,2,0,2,VGSW,WA,"T16N R3E Sec. 19 Yelm, Thurston, WA",UWBM:84218,20240711Plate_4/3f,20240711,Plate_4,3f,2008-05-26,5,26,2008,147,Migrating,Breeding,104370,17.47324902,0.052766282,0.162422152,0.779227747,0.058350101
VGSW_WA011_seq2,-7.556575878,-8.967162078,-10.7556141,-4.173850717,4.574520439,-29.45486244,all,VGSW_WA011,106499,31.29342999,0.033487916,0.176264566,0.772251383,0.051484051,2,0,2,VGSW,WA,"Skagit, WA",UWBM:100430,20240711Plate_4/3h,20240711,Plate_4,3h,2002-03-20,3,20,2002,79,Wintering,Migrating,106495,31.29356308,0.03348036,0.176271186,0.772261609,0.051467205
VGSW_WA012,-2.759184221,-2.200034658,-0.65812298,-0.689255846,0.262451247,-0.317882895,all,VGSW_WA012,67280,3.330633175,0.389412736,0.092850773,0.879206302,0.027942925,1,0,1,VGSW,WA,"Skagit Wildlife Area, Skagit, WA",UWBM:119066,20231102_Plate_2/9g,20231102,Plate_2,9g,2002-03-20,3,20,2002,79,Wintering,Migrating,67276,3.330489328,0.389421332,0.092856293,0.87919912,0.027944586
VGSW_WA013,-3.23699471,-2.963620178,-1.104152708,-0.972490454,0.41372405,-0.390551891,all,VGSW_WA013,77172,3.799124035,0.29963971,0.106139532,0.861283885,0.032576582,1,0,1,VGSW,WA,"Skagit, WA",UWBM:100519,20231102_Plate_2/9h,20231102,Plate_2,9h,2002-03-20,3,20,2002,79,Wintering,Migrating,77171,3.799147348,0.299617004,0.106140908,0.861282088,0.032577004
VGSW_WA014_merged,-4.115067961,-2.41963531,27.84047054,-5.719685769,8.940777473,-2.242494297,all,VGSW_WA014,104500,28.21638278,0.051629473,0.176851675,0.76984689,0.053301435,1,1,1,VGSW,WA,"Skagit, WA",UWBM:79861,Merged,Merged,Merged,Merged,2002-03-20,3,20,2002,79,Wintering,Migrating,104496,28.21652503,0.05162274,0.176839305,0.769866789,0.053293906
VGSW_WA015,-7.590584388,-8.020430362,-16.1633567,-4.195550105,2.183307859,10.18017264,all,VGSW_WA015,106628,14.41485351,0.0323172,0.176735942,0.775181003,0.048083055,1,0,1,VGSW,WA,"Port Orchard, Kitsap, WA",UWBM:104722,20231102_Plate_2/10b,20231102,Plate_2,10b,2004-05-09,5,9,2004,130,Migrating,Breeding,106624,14.41500038,0.032309591,0.176742572,0.775191327,0.048066101
VGSW_WA016,-4.717476587,-4.204950726,-3.302261212,-0.544406056,0.98263099,0.405770601,all,VGSW_WA016,89132,5.092851052,0.19109893,0.130346004,0.831340035,0.038313961,1,0,1,VGSW,WA,"Barker Canyon at Banks Lake Electric City, Grant, WA",UWBM:104719,20231102_Plate_2/10c,20231102,Plate_2,10c,2016-05-30,5,30,2016,151,Migrating,Breeding,89129,5.092932716,0.19108945,0.130350391,0.831345578,0.038304031
PUMA_NC_001,-5.239930371,-2.356414982,-1.107529421,-0.267043034,0.279724027,-0.087161944,neutral,PUMA_NC_001,50795,3.397519441,0.532678897,0.107864947,0.863707058,0.028427995,1,0,1,PUMA,NC,"William B Umstead Bridge, Hwy 64/264, Dare, NC",UWBM:85533,20231102_Plate_1/11h,20231102,Plate_1,11h,2001-08-03,8,3,2001,215,Migrating,Breeding,50705,3.398856129,0.532698653,0.108036683,0.863899024,0.028064293
PUMA_NC_002,-22.53554979,-12.59335248,-4.903439467,-19.32770515,11.25479827,25.60222116,neutral,PUMA_NC_002,105052,27.53678178,0.033506909,0.211009786,0.73527396,0.053716255,1,0,1,PUMA,NC,"William B. Umstead Bridge Hwy 64/264 Manteo, Dare, NC",UWBM:86781,20231102_Plate_1/12a,20231102,Plate_1,12a,NA,NA,NA,NA,NA,NA,Breeding,104885,27.54006769,0.033371426,0.211155075,0.735434047,0.053410879
PUMA_NC_003_seq2,-23.77614932,-13.99019079,16.93569925,-64.77410887,-25.99978605,23.42343435,neutral,PUMA_NC_003,103058,19.18972811,0.051851988,0.194104291,0.743882086,0.062013623,2,0,2,PUMA,NC,"William B. Umstead Bridge Hwy 64/264 Manteo, Dare, NC",UWBM:86782,20240711Plate_4/10f,20240711,Plate_4,10f,2001-08-03,8,3,2001,215,Migrating,Breeding,102903,19.1960973,0.051637697,0.194318922,0.743923889,0.061757189
PUMA_NC_004_seq2,-4.43676526,-1.206058586,0.148256133,-0.976779424,0.163910773,-0.226079675,neutral,PUMA_NC_004,34367,5.543020921,0.683818794,0.070416388,0.864812174,0.064771438,2,0,2,PUMA,NC,"William B Umstead Bridge, Hwy 64/264 Manteo, Dare, NC",UWBM:86688,20240711Plate_4/10g,20240711,Plate_4,10g,2001-08-03,8,3,2001,215,Migrating,Breeding,34312,5.544270226,0.683777856,0.070529261,0.864916064,0.064554675
PUMA_NV_001_seq2,20.38038114,4.109329216,44.89726295,-11.63363156,26.97530814,-25.979733,neutral,PUMA_NV_001,103305,26.34061275,0.049579554,0.193107788,0.746972557,0.059919655,2,0,2,PUMA,NV,"Cabin Canyon, upper end of canyon Mesquite, Clark, NV",UWBM:116474,20240711Plate_4/10h,20240711,Plate_4,10h,2012-05-27,5,27,2012,148,Migrating,Breeding,103133,26.34311035,0.049517999,0.193274704,0.747588066,0.059137231
PUMA_NV_002_seq2,20.76479597,3.93956074,42.72751377,-12.25376488,18.81908543,-22.16319885,neutral,PUMA_NV_002,103969,26.65173273,0.043470661,0.1942983,0.748482721,0.057218979,2,0,2,PUMA,NV,"Cabin Canyon, upper end of canyon Mesquite, Clark, NV",UWBM:116475,20240711Plate_4/11a,20240711,Plate_4,11a,2012-05-27,5,27,2012,148,Migrating,Breeding,103789,26.65702531,0.04347225,0.194423301,0.749154535,0.056422164
PUMA_PI_BC001,35.59946448,2.624837877,-4.905957644,1.589350603,2.908313825,19.06332392,neutral,PUMA_PI_BC001,105432,32.77030693,0.030010856,0.202557098,0.739414978,0.058027923,1,0,1,PUMA,PI_BC,"Pender Island, BC",PW01,20231102_Plate_1/9f,20231102,Plate_1,9f,03-Aug-21,NA,NA,NA,NA,NA,Breeding,105265,32.77104451,0.029869316,0.202735952,0.74000855,0.057255498
PUMA_PI_BC002,34.87247877,2.749626089,-4.547339031,4.70115108,-0.107490166,11.08332948,neutral,PUMA_PI_BC002,103304,14.10163208,0.049588754,0.191764114,0.750609851,0.057626036,1,0,1,PUMA,PI_BC,"Pender Island, BC",PW02,20231102_Plate_1/9g,20231102,Plate_1,9g,03-Aug-21,NA,NA,NA,NA,NA,Breeding,103133,14.10712381,0.049517999,0.192033588,0.751214451,0.056751961
PUMA_PI_BC003,33.97002748,2.450167463,-0.496047073,5.709358266,7.292255815,16.35941071,neutral,PUMA_PI_BC003,104285,16.27495805,0.040563417,0.197554778,0.746492784,0.055952438,1,0,1,PUMA,PI_BC,"Pender Island, BC",PW03,20231102_Plate_1/9h,20231102,Plate_1,9h,03-Aug-21,NA,NA,NA,NA,NA,Breeding,104120,16.27575874,0.040421728,0.197598924,0.747205148,0.055195928
PUMA_PI_BC004,9.231181034,-0.141474817,-2.17768522,0.363289241,1.753250761,0.85870312,neutral,PUMA_PI_BC004,56804,4.290806985,0.477395256,0.126346736,0.838937399,0.034715865,1,0,1,PUMA,PI_BC,"Pender Island, BC",PW04,20231102_Plate_1/10a,20231102,Plate_1,10a,03-Aug-21,NA,NA,NA,NA,NA,Breeding,56710,4.291941457,0.477356091,0.126450361,0.839463939,0.034085699
PUMA_PI_BC005,17.91108659,0.920399998,-4.058404164,1.437039206,0.661560418,1.251837668,neutral,PUMA_PI_BC005,75839,7.148696581,0.302270595,0.158612323,0.796516304,0.044871372,1,0,1,PUMA,PI_BC,"Pender Island, BC",PW05,20231102_Plate_1/10b,20231102,Plate_1,10b,03-Aug-21,NA,NA,NA,NA,NA,Breeding,75719,7.150860418,0.302167622,0.15879766,0.797012639,0.044189701
PUMA_PI_BC006,38.08718022,3.343987385,-6.965595563,4.032258969,-12.25001763,7.041830632,neutral,PUMA_PI_BC006,105396,29.98571103,0.030342061,0.197929713,0.741090743,0.060979544,1,0,1,PUMA,PI_BC,"Pender Island, BC",PW06,20231102_Plate_1/10c,20231102,Plate_1,10c,03-Aug-21,NA,NA,NA,NA,NA,Breeding,105223,29.9978997,0.030256391,0.19811258,0.741672448,0.060214972
PUMA_PI_BC007,7.113713405,0.068820539,-1.685689857,0.740270674,1.072746583,-0.003105964,neutral,PUMA_PI_BC007,48627,4.454336068,0.5526248,0.1259177,0.839266251,0.034816049,1,0,1,PUMA,PI_BC,"Pender Island, BC",PW07,20231102_Plate_1/10d,20231102,Plate_1,10d,03-Aug-21,NA,NA,NA,NA,NA,Breeding,48541,4.455717847,0.55264225,0.126078985,0.839620115,0.0343009
PUMA_PI_BC008,17.74238922,0.394374283,-3.071938547,1.603885789,1.054082309,2.467392203,neutral,PUMA_PI_BC008,79844,6.203496819,0.265424034,0.154012825,0.802064025,0.04392315,1,0,1,PUMA,PI_BC,"Pender Island, BC",OB39,20231102_Plate_1/10e,20231102,Plate_1,10e,03-Aug-21,NA,NA,NA,NA,NA,Breeding,79724,6.205107621,0.265257221,0.154219557,0.802581406,0.043199037
PUMA_SBC001_seq2,22.84823051,2.646331081,5.117298495,2.355878369,-1.390987797,2.418874963,neutral,PUMA_SBC001,81875,10.3673771,0.24673855,0.131822901,0.797691603,0.070485496,2,0,2,PUMA,SBC,"YVR, Lower Mainland, BC",PUMA_UBC001,20240711Plate_4/10c,20240711,Plate_4,10c,2018-06-03,6,3,2018,154,Breeding,Breeding,81735,10.37047776,0.246723683,0.132024225,0.798323851,0.069651924
PUMA_SK001_merged,-14.14389578,27.07965031,-2.580317786,-1.034035027,0.743160458,0.767508978,neutral,PUMA_SK001,53639,5.121236414,0.506513699,0.141072727,0.817278473,0.0416488,1,1,1,PUMA,SK,SK,8041-64136/PH26,Merged,Merged,Merged,Merged,NA,NA,NA,NA,NA,Breeding,Breeding,53546,5.122791618,0.506515769,0.141168341,0.817446681,0.041384977
PUMA_SK002_seq2,-36.88491076,73.85566992,-2.665379974,-2.910395336,-0.273499609,1.506956681,neutral,PUMA_SK002,105450,39.24277857,0.029845254,0.226192508,0.718786155,0.055021337,2,0,2,PUMA,SK,SK,8051-77178/P12,20240711Plate_4/10d,20240711,Plate_4,10d,NA,NA,NA,NA,NA,Breeding,Breeding,105275,39.24657326,0.029777155,0.226340537,0.718803135,0.054856329
PUMA_SK_xxx_01,-18.2934668,-9.572596696,-4.799650588,7.362930938,6.042217921,-2.986990454,neutral,PUMA_SK_xxx_01,94783,12.0520663,0.127983145,0.190635452,0.757224397,0.052140152,1,0,1,PUMA,SK,SK,8041-64136,20210222_Plate_2/10c,20210222,Plate_2,10c,NA,NA,NA,NA,NA,Breeding,Breeding,94626,12.05480523,0.127919193,0.190824932,0.757349988,0.05182508
PUMA_SK_xxx_02,-23.15274764,49.51925834,-6.221272514,-1.278885116,0.980926536,-0.163945437,neutral,PUMA_SK_xxx_02,76940,6.259370938,0.292141241,0.187964648,0.768559917,0.043475435,1,0,1,PUMA,SK,SK,8051-77178,20210222_Plate_2/10d,20210222,Plate_2,10d,NA,NA,NA,NA,NA,Breeding,Breeding,76817,6.259291563,0.292048366,0.188148457,0.768501764,0.043349779
PUMA_SK_xxx_03,-20.07094767,-11.46753989,-4.738038197,8.304629935,2.309572161,-15.38085607,neutral,PUMA_SK_xxx_03,101673,34.48101266,0.064594182,0.200053111,0.746599392,0.053347496,1,0,1,PUMA,SK,SK,8051-77167,20210222_Plate_2/10e,20210222,Plate_2,10e,NA,NA,NA,NA,NA,Breeding,Breeding,101511,34.49833023,0.064466481,0.200264011,0.746608742,0.053127247
PUMA_SK_xxx_05,-19.10181511,-9.920492103,-6.078436937,12.95143237,1.895915687,-8.031587268,neutral,PUMA_SK_xxx_05,98116,21.80409923,0.097319079,0.19776591,0.750214032,0.052020058,1,0,1,PUMA,SK,SK,8051-77299,20210222_Plate_2/10g,20210222,Plate_2,10g,NA,NA,NA,NA,NA,Breeding,Breeding,97954,21.81765931,0.097248078,0.197899014,0.750250117,0.051850869
PUMA_SK_xxx_06,-19.6936516,-11.82377012,-4.474240732,11.35162959,2.730210276,-2.259563196,neutral,PUMA_SK_xxx_06,98792,30.23979674,0.091099785,0.20265811,0.74604219,0.0512997,1,0,1,PUMA,SK,SK,8041-64148,20210222_Plate_2/10h,20210222,Plate_2,10h,NA,NA,NA,NA,NA,Breeding,Breeding,98629,30.25808839,0.091027224,0.202881505,0.746109157,0.051009338
PUMA_SK_xxx_07,-8.484386105,-3.525795641,-1.619678408,2.063020124,0.752884832,-1.563040564,neutral,PUMA_SK_xxx_07,69141,4.652145615,0.363893131,0.140133929,0.820988994,0.038877077,1,0,1,PUMA,SK,SK,8051-77183,20210222_Plate_2/11a,20210222,Plate_2,11a,NA,NA,NA,NA,NA,Breeding,Breeding,69028,4.653488439,0.363832415,0.140247436,0.821043634,0.03870893
PUMA_SK_xxx_08_seq2,-23.65599779,-8.42446596,37.60738827,28.73386112,-18.52996591,0.843098156,neutral,PUMA_SK_xxx_08,104562,30.28431935,0.038014978,0.211453492,0.73205371,0.056492799,2,0,2,PUMA,SK,SK,8041-64104,20240711Plate_4/9g,20240711,Plate_4,9g,NA,NA,NA,NA,NA,Breeding,Breeding,104390,30.28962544,0.037933386,0.211629466,0.732043299,0.056327234
PUMA_SK_xxx_09,-5.313556867,-1.762280411,-1.245961241,1.47640157,0.085613052,-0.961175426,neutral,PUMA_SK_xxx_09,55488,3.719002307,0.48950264,0.120152105,0.84807526,0.031772636,1,0,1,PUMA,SK,SK,8051-77173,20210222_Plate_2/11c,20210222,Plate_2,11c,NA,NA,NA,NA,NA,Breeding,Breeding,55398,3.720603632,0.489447588,0.1202751,0.848135312,0.031589588
PUMA_SK_xxx_10_seq2,-24.52730745,-6.084833863,29.79082334,29.2413624,-41.90457833,19.33477355,neutral,PUMA_SK_xxx_10,105247,45.80616075,0.031712882,0.214922991,0.729274944,0.055802066,2,0,2,PUMA,SK,SK,8051-77172,20240711Plate_4/9h,20240711,Plate_4,9h,NA,NA,NA,NA,NA,Breeding,Breeding,105074,45.80731675,0.031629587,0.215057959,0.729381198,0.055560843
PUMA_SK_xxx_12,-7.41227313,-2.842829381,-1.495567677,1.573240271,0.415741154,-1.433050004,neutral,PUMA_SK_xxx_12,65599,4.429594963,0.396480026,0.149605939,0.816521593,0.033872468,1,0,1,PUMA,SK,SK,8051-77296,20210222_Plate_2/11f,20210222,Plate_2,11f,NA,NA,NA,NA,NA,Breeding,Breeding,65509,4.427422186,0.396263801,0.149704621,0.816651147,0.033644232
PUMA_SWON_001,-10.75526574,-5.753738269,-4.19477616,1.963095568,4.189260644,1.323768121,neutral,PUMA_SWON_001,65307,5.371215949,0.399166467,0.1507036,0.809744744,0.039551656,1,0,1,PUMA,SWON,SWON,39/PUMA 13,20231102_Plate_1/10f,20231102,Plate_1,10f,NA,NA,NA,NA,NA,NA,Breeding,65185,5.371465828,0.399249811,0.150939633,0.809910255,0.039150111
PUMA_SWON_xxx_01,-17.01277332,-11.2543779,-8.909687301,2.735186795,7.982531304,0.174271359,neutral,PUMA_SWON_xxx_01,86978,9.489284647,0.199790237,0.191059808,0.759502403,0.049437789,1,0,1,PUMA,SWON,SWON,141,20210222_Plate_2/11g,20210222,Plate_2,11g,NA,NA,NA,NA,NA,NA,Breeding,86827,9.492819054,0.199795403,0.19134601,0.759498773,0.049155217
PUMA_SWON_xxx_02,-11.84927241,-5.854051609,-3.686691513,-0.748669703,2.104134754,-2.06920519,neutral,PUMA_SWON_xxx_02,79917,6.078744197,0.264752424,0.162681282,0.794586884,0.042731834,1,0,1,PUMA,SWON,SWON,143,20210222_Plate_2/11h,20210222,Plate_2,11h,NA,NA,NA,NA,NA,NA,Breeding,79786,6.080289775,0.264685824,0.162898253,0.794713358,0.042388389
PUMA_SWON_xxx_03,-7.805409644,-4.125935361,-3.305489206,-0.434149074,1.153874928,-2.276538036,neutral,PUMA_SWON_xxx_03,68496,4.628270264,0.369827221,0.143497431,0.819084326,0.037418243,1,0,1,PUMA,SWON,SWON,146,20210222_Plate_2/12a,20210222,Plate_2,12a,NA,NA,NA,NA,NA,NA,Breeding,68404,4.629831589,0.369583249,0.143573475,0.819104146,0.037322379
PUMA_SWON_xxx_04,-2.634531858,-1.389371981,-1.31440043,-0.095690995,0.511810652,-0.527406768,neutral,PUMA_SWON_xxx_04,39174,2.953055598,0.639593722,0.099683464,0.876423138,0.023893399,1,0,1,PUMA,SWON,SWON,147,20210222_Plate_2/12b,20210222,Plate_2,12b,NA,NA,NA,NA,NA,NA,Breeding,39121,2.954142277,0.639457726,0.099818512,0.876434651,0.023746837
PUMA_SWON_xxx_06,-18.62370209,-11.9446289,-5.978651982,-1.627949796,8.406163246,-3.610123747,neutral,PUMA_SWON_xxx_06,95426,18.24279546,0.122067455,0.203236015,0.745698237,0.051065747,1,0,1,PUMA,SWON,SWON,151,20210222_Plate_2/12d,20210222,Plate_2,12d,NA,NA,NA,NA,NA,NA,Breeding,95268,18.24058446,0.12200247,0.203457614,0.745738338,0.050804048
PUMA_SWON_xxx_07,-18.74039745,-13.95993913,-14.77242348,-1.264812411,13.90599884,-4.659603587,neutral,PUMA_SWON_xxx_07,92193,11.06294404,0.151811508,0.193951818,0.754178734,0.051869448,1,0,1,PUMA,SWON,SWON,152,20210222_Plate_2/12e,20210222,Plate_2,12e,NA,NA,NA,NA,NA,NA,Breeding,92047,11.06505372,0.151687464,0.19424859,0.754147338,0.051604072
PUMA_SWON_xxx_08,-17.39507549,-10.00097871,-6.9386407,-1.121065291,7.611527335,-4.682940242,neutral,PUMA_SWON_xxx_08,93861,10.16935681,0.136465674,0.191879481,0.759197111,0.048923408,1,0,1,PUMA,SWON,SWON,153,20210222_Plate_2/12f,20210222,Plate_2,12f,NA,NA,NA,NA,NA,NA,Breeding,93702,10.16724296,0.136434852,0.192002305,0.759322106,0.048675589
PUMA_SWON_xxx_09,-14.66339994,-9.522389523,-6.180125271,-0.070103063,3.822154231,-2.225409769,neutral,PUMA_SWON_xxx_09,89210,7.857527183,0.179255525,0.175933191,0.773511938,0.050554871,1,0,1,PUMA,SWON,SWON,154,20210222_Plate_2/12g,20210222,Plate_2,12g,NA,NA,NA,NA,NA,NA,Breeding,89068,7.856626398,0.179142167,0.176022814,0.773622401,0.050354785
PUMA_SWON_xxx_10,-19.49854938,-13.34061965,-13.03181734,-1.857058033,13.02947139,-6.947724776,neutral,PUMA_SWON_xxx_10,96039,10.82452962,0.11642777,0.192723789,0.75689043,0.050385781,1,0,1,PUMA,SWON,SWON,155,20210222_Plate_2/12h,20210222,Plate_2,12h,NA,NA,NA,NA,NA,NA,Breeding,95882,10.82566071,0.116343797,0.192935066,0.756992971,0.050071963
PUMA_VI_BC009,5.744603513,-0.213137276,-1.343440182,0.268903466,0.590246312,-0.236014244,neutral,PUMA_VI_BC009,50044,3.433538486,0.539588202,0.108164815,0.861322037,0.030513148,1,0,1,PUMA,VI,"Vancouver Island, Mayne Island, BC",PUMA_UBC002,20231102_Plate_1/9e,20231102,Plate_1,9e,2019-07-05,7,5,2019,186,Breeding,Breeding,49958,3.434264782,0.539583065,0.108290964,0.861783898,0.029925137
PUMA_WA_001,32.09459731,3.141695948,-4.17298803,3.810733777,1.264639173,8.449009728,neutral,PUMA_WA_001,101101,12.41005529,0.069856662,0.185289958,0.757321886,0.057388156,1,0,1,PUMA,WA,"Bremerton, Kitsap, WA",UWBM:86057,20231102_Plate_1/11b,20231102,Plate_1,11b,2006-06-25,6,25,2006,176,Breeding,Breeding,100940,12.41447394,0.069728863,0.185516148,0.757935407,0.056548445
PUMA_WA_002,15.47561343,0.058396155,-10.87501305,-5.581803199,-18.75631338,-21.30899665,neutral,PUMA_WA_002,72941,4.983109637,0.3289326,0.146625355,0.814055195,0.03931945,1,0,1,PUMA,WA,"Bellingham, Whatcom, WA",UWBM:119728,20231102_Plate_1/11c,20231102,Plate_1,11c,2007-08-10,8,10,2007,222,Migrating,Migrating,72829,4.983852586,0.328802094,0.146795919,0.814648011,0.03855607
PUMA_WA_003,34.62074216,2.833741684,-3.807658791,2.513318339,2.162511431,7.388261148,neutral,PUMA_WA_003,104567,17.86427841,0.037968977,0.194219974,0.747233831,0.058546195,1,0,1,PUMA,WA,"waterfront near senior center Edmonds, Snohomish, WA",UWBM:88763,20231102_Plate_1/11d,20231102,Plate_1,11d,2008-08-12,8,12,2008,225,Migrating,Migrating,104395,17.87302074,0.037887306,0.194482494,0.747794435,0.057723071
PUMA_WA_005,36.4230768,2.76589656,0.954178577,4.434825323,7.435602513,23.95906898,neutral,PUMA_WA_005,105486,35.57534649,0.029514049,0.202169008,0.739993933,0.057837059,1,0,1,PUMA,WA,"near 231 Pafitt Way SW, in harbor, Kitsap, WA",UWBM:119280,20231102_Plate_1/11f,20231102,Plate_1,11f,2013-06-22,6,22,2013,173,Breeding,Breeding,105316,35.57720574,0.029399296,0.202286452,0.740599719,0.057113829
PUMA_WA_006,32.82216673,0.569520422,-19.82844732,-14.05940382,-43.14856631,-43.53362404,neutral,PUMA_WA_006,104281,17.64698267,0.040600217,0.202711903,0.741314333,0.055973763,1,0,1,PUMA,WA,"Washington, USA",UWBM:120067,20231102_Plate_1/11g,20231102,Plate_1,11g,2007-08-10,8,10,2007,222,Migrating,Migrating,104111,17.65441692,0.040504673,0.202831593,0.741958102,0.055210304
VGSW_CO002_merged,-7.875180528,-10.49703617,-10.68619908,-10.18162228,1.31234241,28.02801841,neutral,VGSW_CO002,104551,18.33113983,0.051166632,0.161194058,0.783502788,0.055303153,1,1,1,VGSW,CO,"Drowsy Water Ranch, 1454 4451 County Road, 8 kilometers northwest of Granby,CO",DMNS:Bird:43248,Merged,Merged,Merged,Merged,2009-08-24,8,24,2009,236,Migrating,Migrating,104546,18.33123218,0.051168954,0.161201768,0.783501999,0.055296233
VGSW_CO003,-0.851176616,-0.651744664,-0.275508662,-0.107112826,0.320266289,-0.206230283,neutral,VGSW_CO003,35461,2.526634895,0.678180218,0.061475988,0.917543216,0.020980796,1,0,1,VGSW,CO,"Littleton, Denver Water Facility Outlet, Works, 11300 Waterton Road",DMNS:Bird:56024,20231102_Plate_2/10g,20231102,Plate_2,10g,early Aug,NA,NA,NA,NA,NA,Breeding,35458,2.526707654,0.678192841,0.061481189,0.91753624,0.020982571
VGSW_CO004_merged,-8.657610888,-10.28089803,-17.28704157,-4.122081474,12.05108892,36.62885587,neutral,VGSW_CO004,107958,79.84647733,0.02024703,0.186313196,0.764149021,0.049537783,1,1,1,VGSW,CO,"Littleton, Denver Water Facility Outlet, Works, 11300 Waterton Road",DMNS:Bird:56025,Merged,Merged,Merged,Merged,early Aug,NA,NA,NA,NA,NA,Breeding,107954,79.84712007,0.020238873,0.186320099,0.764149545,0.049530356
VGSW_CO005,-8.3603395,-10.6739619,-13.81267882,54.07305948,-13.37262724,-4.263305715,neutral,VGSW_CO005,108194,50.96270588,0.018105256,0.182034124,0.766012903,0.051952973,1,0,1,VGSW,CO,"Littleton, Denver Water Facility Outlet, Works, 11300 Waterton Road",DMNS:Bird:56026,20231102_Plate_2/11a,20231102,Plate_2,11a,early Aug,NA,NA,NA,NA,NA,Breeding,108190,50.96264904,0.018097001,0.182040854,0.766004252,0.051954894
VGSW_CO006,-7.207894938,-8.479611214,-19.40314964,2.127424103,6.145252016,-10.54378564,neutral,VGSW_CO006,107981,28.39324511,0.020038298,0.183328549,0.767033089,0.049638362,1,0,1,VGSW,CO,"Littleton, Denver Water Facility Outlet, Works, 11300 Waterton Road",DMNS:Bird:56027,20231102_Plate_2/11b,20231102,Plate_2,11b,early Aug,NA,NA,NA,NA,NA,Breeding,107977,28.39318559,0.020030131,0.18333534,0.76703372,0.04963094
VGSW_CO008,-7.645268215,-8.485723868,-23.93802316,-4.462879352,-5.988092456,-13.27199589,neutral,VGSW_CO008,108283,77.19423178,0.017297552,0.182577136,0.768791038,0.048631826,1,0,1,VGSW,CO,"Littleton, Denver Water Facility Outlet, Works, 11300 Waterton Road",DMNS:Bird:56028,20231102_Plate_2/11c,20231102,Plate_2,11c,early Aug,NA,NA,NA,NA,NA,Breeding,108279,77.19452525,0.017289262,0.182583881,0.768782497,0.048633622
VGSW_CO009,-7.658401339,-8.427535827,-24.05925263,3.787890238,13.18507,-3.671447426,neutral,VGSW_CO009,107836,28.50663971,0.021354219,0.183167031,0.769390556,0.047442413,1,0,1,VGSW,CO,"Lafayette, Whispering Meadow Park",DMNS:Bird:56193,20231102_Plate_2/11d,20231102,Plate_2,11d,2012-07-17,7,17,2012,199,Breeding,Breeding,107831,28.506487,0.021355188,0.183175525,0.769379863,0.047444612
VGSW_CO010_merged,-3.911282729,-3.886277057,-0.161743532,6.114917569,-1.447270601,0.563576298,neutral,VGSW_CO010,74489,7.204177798,0.323988783,0.101142451,0.84251366,0.05634389,1,1,1,VGSW,CO,"Higgins Gulch, 1.5 miles southwest of Speaefish",DMNS:Bird:45508,Merged,Merged,Merged,Merged,2010-08-17,8,17,2010,229,Migrating,Migrating,74486,7.204078619,0.323985334,0.101146524,0.842507317,0.056346159
VGSW_NM001_seq2,-5.026505837,-5.233351012,6.254241057,2.808504539,-21.98137137,1.431968166,neutral,VGSW_NM001,94349,13.77653181,0.143753006,0.138803803,0.802626419,0.058569778,2,0,1,VGSW,NM,"Spring Cañon Jarido, Sandoval, NM",UWBM:74524,20240711Plate_4/4f,20240711,Plate_4,4f,2002-06-27,6,27,2002,178,Breeding,Breeding,94344,13.77660477,0.14375953,0.138811159,0.802647757,0.058541084
VGSW_NM002_seq2,-7.354923385,-7.034641249,9.111185322,-21.72993402,-67.94179946,3.247568682,neutral,VGSW_NM002,107602,41.52984145,0.023477843,0.181307039,0.766779428,0.051913533,2,0,1,VGSW,NM,"Spring Cañon Jarido, Sandoval, NM",UWBM:74523,20240711Plate_4/4g,20240711,Plate_4,4g,2002-06-27,6,27,2002,178,Breeding,Breeding,107598,41.53022361,0.023469832,0.181313779,0.766789346,0.051896875
VGSW_NV001,-3.785855456,-1.924099583,8.077937409,-1.473377424,3.001250344,-3.021380679,neutral,VGSW_NV001,97881,7.46038557,0.11169899,0.156690267,0.799971394,0.043338339,1,0,1,VGSW,NV,"Carpenter Canyon Pahrump, Clark, NV",UWBM:80463,20231102_Plate_2/8d,20231102,Plate_2,8d,2012-05-24,5,24,2012,145,Migrating,Breeding,97876,7.460388655,0.111704059,0.156698271,0.799961175,0.043340553
VGSW_NV002,-2.865073673,-1.530227826,7.768250634,-2.105592091,1.074518261,-6.903356595,neutral,VGSW_NV002,99463,11.97678534,0.09734184,0.165438404,0.789017021,0.045544574,1,0,1,VGSW,NV,"Carpenter Canyon Pahrump, Clark, NV",UWBM:80464,20231102_Plate_2/8e,20231102,Plate_2,8e,2012-05-24,5,24,2012,145,Migrating,Breeding,99460,11.97680475,0.097328106,0.165443394,0.789010658,0.045545948
VGSW_NV003_seq2,-6.414375521,-4.033388233,31.07893013,-8.766090983,26.45231347,16.02055888,neutral,VGSW_NV003,106417,24.30137102,0.034232092,0.174041741,0.771089206,0.054869053,2,0,2,VGSW,NV,"Carpenter Canyon Pahrump, Clark, NV",UWBM:78839,20240711Plate_4/11f,20240711,Plate_4,11f,2012-05-24,5,24,2012,145,Migrating,Breeding,106412,24.30147916,0.034233646,0.174049919,0.771087847,0.054862234
VGSW_NV004,-6.517670837,-6.267581849,-4.545722521,-2.677375619,8.860831142,-36.88381324,neutral,VGSW_NV004,107297,17.69137068,0.026245814,0.182661211,0.768260063,0.049078725,1,0,1,VGSW,NV,"Cabin Canyon Mesquite, Clark, NV",UWBM:95588,20231102_Plate_2/8g,20231102,Plate_2,8g,2012-05-26,5,26,2012,147,Migrating,Breeding,107292,17.69170115,0.026247005,0.182669724,0.768258584,0.049071692
VGSW_NV005_seq2,-3.761552903,-3.288683002,19.46436332,-8.907773686,1.778327878,-0.749209158,neutral,VGSW_NV005,101523,17.37810151,0.078646689,0.160416851,0.783802685,0.055780464,2,0,2,VGSW,NV,"Cabin Canyon Mesquite, Clark, NV",UWBM:91481,20240711Plate_4/11d,20240711,Plate_4,11d,2012-05-26,5,26,2012,147,Migrating,Breeding,101519,17.37783075,0.078641182,0.160423172,0.783804017,0.055772811
VGSW_NV006,-6.750424251,-6.051417101,-4.76895944,-5.031224579,5.545371296,-20.25894761,neutral,VGSW_NV006,106278,13.62598092,0.035493561,0.180714729,0.772125934,0.047159337,1,0,1,VGSW,NV,"Cabin Canyon Mesquite, Clark, NV",UWBM:60570,20231102_Plate_2/9a,20231102,Plate_2,9a,2012-05-26,5,26,2012,147,Migrating,Breeding,106274,13.62605153,0.035486096,0.180721531,0.772126767,0.047151702
VGSW_NV008,-4.850595124,-5.838063186,6.128815198,16.14988872,-4.598304025,-9.598714987,neutral,VGSW_NV008,105732,16.5897174,0.040448684,0.179605039,0.774004086,0.046390875,1,0,1,VGSW,NV,"Cabin Canyon Mesquite, Clark, NV",UWBM:80325,20231102_Plate_2/7h,20231102,Plate_2,7h,2012-05-25,5,25,2012,146,Migrating,Breeding,105727,16.58990608,0.040450519,0.179604075,0.774012315,0.046383611
VGSW_NV009,-6.31395559,-6.167822804,-2.645094969,-0.834881625,-1.466109144,-5.771676834,neutral,VGSW_NV009,104801,10.85571703,0.048897803,0.172603315,0.781948646,0.04544804,1,0,1,VGSW,NV,"Spring Mountains; Clark Canyon [36.20'N/115.43'W], Clark, NV",UWBM:60586,20231102_Plate_2/8a,20231102,Plate_2,8a,2001-07-06,7,6,2001,187,Breeding,Breeding,104798,10.85577015,0.04888187,0.172608256,0.781942403,0.045449341
VGSW_NV010,-7.879896575,-8.958865536,-23.40333898,3.009276353,11.80089242,-0.447528142,neutral,VGSW_NV010,107788,24.91486065,0.021789834,0.180381861,0.769937284,0.049680855,1,0,1,VGSW,NV,"Spring Mountains; Macks Canyon [36°21'N, 115°41'W], Clark, NV",UWBM:116626,20231102_Plate_2/8b,20231102,Plate_2,8b,2005-05-18,5,18,2005,138,Migrating,Breeding,107784,24.91520077,0.021781747,0.180388555,0.769938024,0.049673421
VGSW_NV011,-2.939653533,-1.881063445,3.539037393,-0.228073762,1.171267067,-1.6876675,neutral,VGSW_NV011,88154,5.470029721,0.199974589,0.137702203,0.825158246,0.037139551,1,0,1,VGSW,NV,"Cabin Canyon Mesquite, Clark, NV",UWBM:80482,20231102_Plate_2/8c,20231102,Plate_2,8c,2012-05-25,5,25,2012,146,Migrating,Breeding,88153,5.470080428,0.199947361,0.137703765,0.825156262,0.037139973
VGSW_PI_BC007,-10.08754539,65.98327069,-6.79629528,2.115488006,-1.196481237,0.888030857,neutral,VGSW_PI_BC007,107530,18.35493351,0.024131265,0.193136799,0.758365107,0.048498094,1,0,1,VGSW,PI_BC,"Pender Island, BC",272196948,20231102_Plate_2/5d,20231102,Plate_2,5d,2021-06-22,6,22,2021,173,Breeding,Breeding,107525,18.35495001,0.02413236,0.19314578,0.758381772,0.048472448
VGSW_PI_BC008_merged,-7.964339054,39.36552459,2.185148067,-2.624190013,-1.524143564,5.172058219,neutral,VGSW_PI_BC008,102297,14.12330762,0.071622394,0.158147355,0.784744421,0.057108224,1,1,1,VGSW,PI_BC,"Pender Island, BC",272196949,Merged,Merged,Merged,Merged,2021-06-22,6,22,2021,173,Breeding,Breeding,102295,14.12327093,0.071598417,0.158150447,0.784759763,0.057089789
VGSW_PI_BC009_merged,-9.892978051,64.51912332,-8.320711717,2.0221528,-0.46713935,0.218412012,neutral,VGSW_PI_BC009,107472,20.01250558,0.024657634,0.194804228,0.757899732,0.04729604,1,1,1,VGSW,PI_BC,"Pender Island, BC",272196950,Merged,Merged,Merged,Merged,2021-06-22,6,22,2021,173,Breeding,Breeding,107468,20.01263632,0.024649677,0.194811479,0.757909331,0.04727919
VGSW_PI_BC010,60.79125199,2.387008824,-5.399176132,1.152929131,-0.97954712,1.851501003,neutral,VGSW_PI_BC010,107724,24.17657161,0.022370654,0.204606216,0.749210946,0.046182838,1,0,1,VGSW,PI_BC,"Pender Island, BC",272196951,20231102_Plate_2/5g,20231102,Plate_2,5g,2021-06-23,6,23,2021,174,Breeding,Breeding,107719,24.17708111,0.022371669,0.204615713,0.749227156,0.046157131
VGSW_PI_BC011,65.74714919,2.516276299,-2.25453674,0.326648503,-0.627592682,1.273242414,neutral,VGSW_PI_BC011,107703,24.56641876,0.022561236,0.205945981,0.748772086,0.045281933,1,0,1,VGSW,PI_BC,"Pender Island, BC",272196952,20231102_Plate_2/5h,20231102,Plate_2,5h,2021-06-25,6,25,2021,176,Breeding,Breeding,107698,24.5667329,0.022562259,0.205955542,0.748788278,0.045256179
VGSW_PI_BC012,66.39989722,2.052570381,-3.720621265,0.021483965,-0.631447855,1.322002381,neutral,VGSW_PI_BC012,107418,22.88651809,0.025147701,0.203857826,0.74926921,0.046872964,1,0,1,VGSW,PI_BC,"Pender Island, BC",272196953,20231102_Plate_2/6a,20231102,Plate_2,6a,2021-06-25,6,25,2021,176,Breeding,Breeding,107413,22.88668038,0.025148842,0.203858006,0.749285468,0.046856526
VGSW_PI_BC013,20.09474468,-0.441090045,7.347894342,-2.0506327,1.932726687,-3.81610243,neutral,VGSW_PI_BC013,103101,8.87741147,0.06432584,0.174915859,0.779468676,0.045615464,1,0,1,VGSW,PI_BC,"Pender Island, BC",272196954,20231102_Plate_2/6b,20231102,Plate_2,6b,2021-06-25,6,25,2021,176,Breeding,Breeding,103098,8.877204213,0.064310608,0.174911249,0.779481658,0.045607092
VGSW_SBC002_seq2,-4.221136007,-1.890657106,22.84307397,-7.953816178,17.09058963,-15.03520587,neutral,VGSW_SBC002,106976,26.54288812,0.02915899,0.180965824,0.767882516,0.05115166,2,0,2,VGSW,SBC,"North Vancouver: 1995 E 1st, Lower Mainland,BC",VGSW_SBC002,20240711Plate_4/2e,20240711,Plate_4,2e,2021-07-08,7,8,2021,189,Breeding,Breeding,106971,26.54301633,0.029160314,0.180964934,0.767899711,0.051135354
VGSW_SBC003_seq2,-2.240065747,-1.505008279,3.609991732,-1.373992634,1.646313078,0.744595463,neutral,VGSW_SBC003,68000,8.240338235,0.382878509,0.099779412,0.837985294,0.062235294,2,0,2,VGSW,SBC,"Langley: 9930 197 St. Lower Mainland, BC",VGSW_SBC003,20240711Plate_4/2f,20240711,Plate_4,2f,2021-06-14,6,14,2021,165,Breeding,Breeding,67998,8.24012471,0.382868656,0.099782347,0.837995235,0.062222418
VGSW_SBC004_seq2,-3.80644899,-1.069705556,4.416184145,-2.794243634,0.889385592,0.870661534,neutral,VGSW_SBC004,75832,7.974074269,0.311800633,0.10339962,0.835570735,0.061029644,2,0,2,VGSW,SBC,"Brackendale : 4183 Hope Rd., Lower Mainland, BC",VGSW_SBC004,20240711Plate_4/2g,20240711,Plate_4,2g,2021-07-01,7,1,2021,182,Breeding,Breeding,75829,7.974218307,0.311796631,0.103403711,0.835577418,0.061018871
VGSW_SBC005_seq2,-1.722895522,-0.491956029,1.670061549,-1.241479538,-0.073394945,0.467673367,neutral,VGSW_SBC005,44584,5.661806926,0.595386109,0.069419523,0.868831868,0.061748609,2,0,2,VGSW,SBC,"Brackendale : 4183 Hope Rd, Lower Mainland, BC",VGSW_SBC005,20240711Plate_4/2h,20240711,Plate_4,2h,2021-07-01,7,1,2021,182,Breeding,Breeding,44580,5.661978466,0.595404051,0.069425751,0.868864962,0.061709287
VGSW_SBC007_seq2,-4.491997197,-2.655192902,14.82432046,-8.220690613,5.162494972,1.906201689,neutral,VGSW_SBC007,95589,9.87962004,0.132499614,0.131406333,0.80943414,0.059159527,2,0,2,VGSW,SBC,"Burnaby, Wildlife Rescue Association, Lower Mainland, BC",VGSW_SBC007,20240711Plate_4/3b,20240711,Plate_4,3b,2012-06-22,6,22,2012,174,Breeding,Breeding,95584,9.879582357,0.132505627,0.131402745,0.809455557,0.059141697
VGSW_WA007_seq2,-8.937580319,-8.728028792,-8.977033625,-9.906066506,-6.650915036,24.49677653,neutral,VGSW_WA007,106071,21.95695336,0.037372151,0.16823637,0.778563415,0.053200215,2,0,2,VGSW,WA,"Electric City, Douglas, WA",UWBM:100142,20240711Plate_4/3g,20240711,Plate_4,3g,1993-03-30,3,30,1993,89,Wintering,Migrating,106067,21.95714973,0.037364772,0.168242715,0.778583348,0.053173937
VGSW_WA009_seq2,-7.403178225,-7.262840614,4.261015721,-20.90524297,-3.436908122,-21.80934847,neutral,VGSW_WA009,107857,47.24949702,0.021163637,0.184132694,0.765346709,0.050520597,2,0,2,VGSW,WA,"valley west of Blue Lake Oroville, Okanogan, WA",UWBM:124892,20240711Plate_4/3e,20240711,Plate_4,3e,1999-09-05,9,5,1999,248,Migrating,Migrating,107853,47.24996059,0.021155522,0.184139523,0.76535655,0.050503927
VGSW_WA010_seq2,-5.706992346,-4.366197356,32.08688265,50.24238073,-4.650309567,10.93394429,neutral,VGSW_WA010,104374,17.47333627,0.052772963,0.162415927,0.779217046,0.058367026,2,0,2,VGSW,WA,"T16N R3E Sec. 19 Yelm, Thurston, WA",UWBM:84218,20240711Plate_4/3f,20240711,Plate_4,3f,2008-05-26,5,26,2008,147,Migrating,Breeding,104370,17.47324902,0.052766282,0.162422152,0.779227747,0.058350101
VGSW_WA011_seq2,-7.54644958,-8.992410343,-10.92161584,-4.011867729,4.917763109,29.31896214,neutral,VGSW_WA011,106499,31.29342999,0.033487916,0.176264566,0.772251383,0.051484051,2,0,2,VGSW,WA,"Skagit, WA",UWBM:100430,20240711Plate_4/3h,20240711,Plate_4,3h,2002-03-20,3,20,2002,79,Wintering,Migrating,106495,31.29356308,0.03348036,0.176271186,0.772261609,0.051467205
VGSW_WA012,-2.750921748,-2.196252421,-0.645472574,-0.695383639,0.256254917,0.3380517,neutral,VGSW_WA012,67280,3.330633175,0.389412736,0.092850773,0.879206302,0.027942925,1,0,1,VGSW,WA,"Skagit Wildlife Area, Skagit, WA",UWBM:119066,20231102_Plate_2/9g,20231102,Plate_2,9g,2002-03-20,3,20,2002,79,Wintering,Migrating,67276,3.330489328,0.389421332,0.092856293,0.87919912,0.027944586
VGSW_WA013,-3.229943657,-2.965855237,-1.104537479,-0.971511478,0.414040058,0.391135264,neutral,VGSW_WA013,77172,3.799124035,0.29963971,0.106139532,0.861283885,0.032576582,1,0,1,VGSW,WA,"Skagit, WA",UWBM:100519,20231102_Plate_2/9h,20231102,Plate_2,9h,2002-03-20,3,20,2002,79,Wintering,Migrating,77171,3.799147348,0.299617004,0.106140908,0.861282088,0.032577004
VGSW_WA014_merged,-4.097921557,-2.409975504,27.82719225,-5.845399857,8.912994799,2.299555951,neutral,VGSW_WA014,104500,28.21638278,0.051629473,0.176851675,0.76984689,0.053301435,1,1,1,VGSW,WA,"Skagit, WA",UWBM:79861,Merged,Merged,Merged,Merged,2002-03-20,3,20,2002,79,Wintering,Migrating,104496,28.21652503,0.05162274,0.176839305,0.769866789,0.053293906
VGSW_WA015,-7.595577341,-8.046947883,-16.08239187,-4.184361834,2.115259793,-10.07383148,neutral,VGSW_WA015,106628,14.41485351,0.0323172,0.176735942,0.775181003,0.048083055,1,0,1,VGSW,WA,"Port Orchard, Kitsap, WA",UWBM:104722,20231102_Plate_2/10b,20231102,Plate_2,10b,2004-05-09,5,9,2004,130,Migrating,Breeding,106624,14.41500038,0.032309591,0.176742572,0.775191327,0.048066101
VGSW_WA016,-4.709434907,-4.209662479,-3.285419829,-0.545145084,0.996839623,-0.399803152,neutral,VGSW_WA016,89132,5.092851052,0.19109893,0.130346004,0.831340035,0.038313961,1,0,1,VGSW,WA,"Barker Canyon at Banks Lake Electric City, Grant, WA",UWBM:104719,20231102_Plate_2/10c,20231102,Plate_2,10c,2016-05-30,5,30,2016,151,Migrating,Breeding,89129,5.092932716,0.19108945,0.130350391,0.831345578,0.038304031
